user_id,variant,revenue,sessions,timestamp
u0001,A,58.19,7,2024-01-06 10:00:00
u0002,A,0.0,0,2024-01-07 15:00:00
u0003,A,52.27,6,2024-01-07 18:00:00
u0004,A,0.0,0,2024-01-01 18:00:00
u0005,A,46.24,4,2024-01-06 21:00:00
u0006,A,0.0,0,2024-01-04 08:00:00
u0007,A,45.72,2,2024-01-06 02:00:00
u0008,A,0.0,0,2024-01-03 19:00:00
u0009,A,0.0,0,2024-01-01 18:00:00
u0010,A,0.0,0,2024-01-03 15:00:00
u0011,A,24.58,7,2024-01-05 04:00:00
u0012,A,42.43,1,2024-01-03 17:00:00
u0013,A,67.97,6,2024-01-03 17:00:00
u0014,A,50.75,7,2024-01-04 02:00:00
u0015,A,0.0,0,2024-01-02 20:00:00
u0016,A,0.0,0,2024-01-04 14:00:00
u0017,A,0.0,0,2024-01-03 18:00:00
u0018,A,0.0,0,2024-01-01 02:00:00
u0019,A,0.0,0,2024-01-07 21:00:00
u0020,A,0.0,0,2024-01-07 23:00:00
u0021,A,0.0,0,2024-01-07 18:00:00
u0022,A,0.0,0,2024-01-01 23:00:00
u0023,A,0.0,0,2024-01-04 15:00:00
u0024,A,0.0,0,2024-01-01 16:00:00
u0025,A,43.59,4,2024-01-02 15:00:00
u0026,A,14.41,1,2024-01-07 06:00:00
u0027,A,31.2,6,2024-01-01 05:00:00
u0028,A,0.0,0,2024-01-07 04:00:00
u0029,A,0.0,0,2024-01-05 22:00:00
u0030,A,48.05,7,2024-01-05 23:00:00
u0031,A,0.0,0,2024-01-02 10:00:00
u0032,A,0.0,0,2024-01-05 16:00:00
u0033,A,0.0,0,2024-01-02 04:00:00
u0034,A,0.0,0,2024-01-01 06:00:00
u0035,A,0.0,0,2024-01-03 04:00:00
u0036,A,0.0,0,2024-01-07 20:00:00
u0037,A,0.0,0,2024-01-01 22:00:00
u0038,A,0.0,0,2024-01-05 00:00:00
u0039,A,0.0,0,2024-01-06 15:00:00
u0040,A,64.14,7,2024-01-04 03:00:00
u0041,A,0.0,0,2024-01-01 09:00:00
u0042,A,0.0,0,2024-01-05 20:00:00
u0043,A,43.2,6,2024-01-01 23:00:00
u0044,A,0.0,0,2024-01-02 14:00:00
u0045,A,0.0,0,2024-01-03 17:00:00
u0046,A,0.0,0,2024-01-01 05:00:00
u0047,A,0.0,0,2024-01-01 20:00:00
u0048,A,0.0,0,2024-01-04 00:00:00
u0049,A,65.21,7,2024-01-04 01:00:00
u0050,A,0.0,0,2024-01-02 11:00:00
u0051,A,0.0,0,2024-01-06 10:00:00
u0052,A,0.0,0,2024-01-02 19:00:00
u0053,A,0.0,0,2024-01-04 18:00:00
u0054,A,0.0,0,2024-01-07 16:00:00
u0055,A,0.0,0,2024-01-03 11:00:00
u0056,A,0.0,0,2024-01-04 20:00:00
u0057,A,0.0,0,2024-01-04 10:00:00
u0058,A,0.0,0,2024-01-04 10:00:00
u0059,A,0.0,0,2024-01-04 04:00:00
u0060,A,33.88,5,2024-01-02 01:00:00
u0061,A,0.0,0,2024-01-01 20:00:00
u0062,A,0.0,0,2024-01-05 23:00:00
u0063,A,0.0,0,2024-01-06 09:00:00
u0064,A,36.57,10,2024-01-05 11:00:00
u0065,A,0.0,0,2024-01-07 13:00:00
u0066,A,0.0,0,2024-01-02 02:00:00
u0067,A,50.15,6,2024-01-03 22:00:00
u0068,A,20.43,10,2024-01-07 03:00:00
u0069,A,0.0,0,2024-01-03 01:00:00
u0070,A,0.0,0,2024-01-04 22:00:00
u0071,A,63.88,4,2024-01-01 22:00:00
u0072,A,64.33,3,2024-01-06 20:00:00
u0073,A,15.39,8,2024-01-04 08:00:00
u0074,A,0.0,0,2024-01-06 11:00:00
u0075,A,0.0,0,2024-01-06 21:00:00
u0076,A,0.0,0,2024-01-01 19:00:00
u0077,A,37.18,10,2024-01-06 03:00:00
u0078,A,0.0,0,2024-01-01 12:00:00
u0079,A,0.0,0,2024-01-01 02:00:00
u0080,A,50.4,7,2024-01-06 10:00:00
u0081,A,0.0,0,2024-01-06 08:00:00
u0082,A,76.9,2,2024-01-04 17:00:00
u0083,A,0.0,0,2024-01-07 07:00:00
u0084,A,0.0,0,2024-01-02 10:00:00
u0085,A,0.0,0,2024-01-01 13:00:00
u0086,A,43.16,3,2024-01-06 20:00:00
u0087,A,0.0,0,2024-01-03 01:00:00
u0088,A,0.0,0,2024-01-04 05:00:00
u0089,A,38.72,1,2024-01-07 09:00:00
u0090,A,0.0,0,2024-01-01 02:00:00
u0091,A,0.0,0,2024-01-02 15:00:00
u0092,A,0.0,0,2024-01-07 19:00:00
u0093,A,0.0,0,2024-01-03 02:00:00
u0094,A,0.0,0,2024-01-01 00:00:00
u0095,A,0.0,0,2024-01-05 07:00:00
u0096,A,0.0,0,2024-01-07 16:00:00
u0097,A,0.0,0,2024-01-06 14:00:00
u0098,A,0.0,0,2024-01-05 20:00:00
u0099,A,0.0,0,2024-01-05 19:00:00
u0100,A,0.0,0,2024-01-03 03:00:00
u0101,A,0.0,0,2024-01-05 23:00:00
u0102,A,0.0,0,2024-01-06 18:00:00
u0103,A,0.0,0,2024-01-07 10:00:00
u0104,A,0.0,0,2024-01-06 21:00:00
u0105,A,49.49,4,2024-01-04 13:00:00
u0106,A,0.0,0,2024-01-02 21:00:00
u0107,A,51.17,5,2024-01-04 03:00:00
u0108,A,37.92,1,2024-01-01 09:00:00
u0109,A,0.0,0,2024-01-07 07:00:00
u0110,A,0.0,0,2024-01-03 12:00:00
u0111,A,0.0,0,2024-01-01 17:00:00
u0112,A,55.98,10,2024-01-04 13:00:00
u0113,A,0.0,0,2024-01-06 16:00:00
u0114,A,0.0,0,2024-01-07 00:00:00
u0115,A,0.0,0,2024-01-06 07:00:00
u0116,A,29.28,10,2024-01-05 07:00:00
u0117,A,67.13,6,2024-01-06 20:00:00
u0118,A,0.0,0,2024-01-05 04:00:00
u0119,A,0.0,0,2024-01-01 05:00:00
u0120,A,0.0,0,2024-01-04 12:00:00
u0121,A,0.0,0,2024-01-03 02:00:00
u0122,A,44.76,5,2024-01-02 11:00:00
u0123,A,0.0,0,2024-01-03 22:00:00
u0124,A,0.0,0,2024-01-05 03:00:00
u0125,A,0.0,0,2024-01-02 00:00:00
u0126,A,84.44,7,2024-01-06 18:00:00
u0127,A,34.66,5,2024-01-02 19:00:00
u0128,A,0.0,0,2024-01-01 13:00:00
u0129,A,41.04,6,2024-01-02 04:00:00
u0130,A,0.0,0,2024-01-04 01:00:00
u0131,A,0.0,0,2024-01-03 01:00:00
u0132,A,0.0,0,2024-01-01 04:00:00
u0133,A,0.0,0,2024-01-05 13:00:00
u0134,A,0.0,0,2024-01-06 01:00:00
u0135,A,47.1,8,2024-01-04 15:00:00
u0136,A,0.0,0,2024-01-03 08:00:00
u0137,A,0.0,0,2024-01-02 01:00:00
u0138,A,0.0,0,2024-01-01 05:00:00
u0139,A,0.0,0,2024-01-06 23:00:00
u0140,A,44.38,6,2024-01-03 11:00:00
u0141,A,0.0,0,2024-01-05 03:00:00
u0142,A,0.0,0,2024-01-01 11:00:00
u0143,A,37.44,3,2024-01-04 02:00:00
u0144,A,0.0,0,2024-01-01 02:00:00
u0145,A,0.0,0,2024-01-03 14:00:00
u0146,A,0.0,0,2024-01-06 13:00:00
u0147,A,0.0,0,2024-01-01 18:00:00
u0148,A,20.69,8,2024-01-01 17:00:00
u0149,A,14.62,10,2024-01-04 07:00:00
u0150,A,0.0,0,2024-01-04 00:00:00
u0151,A,42.32,9,2024-01-06 10:00:00
u0152,A,0.0,0,2024-01-06 05:00:00
u0153,A,0.0,0,2024-01-03 23:00:00
u0154,A,0.0,0,2024-01-02 13:00:00
u0155,A,0.0,0,2024-01-03 19:00:00
u0156,A,0.0,0,2024-01-04 07:00:00
u0157,A,0.0,0,2024-01-02 17:00:00
u0158,A,22.88,6,2024-01-03 15:00:00
u0159,A,0.0,0,2024-01-04 05:00:00
u0160,A,0.0,0,2024-01-06 06:00:00
u0161,A,0.0,0,2024-01-05 08:00:00
u0162,A,0.0,0,2024-01-04 03:00:00
u0163,A,0.0,0,2024-01-07 20:00:00
u0164,A,0.0,0,2024-01-06 11:00:00
u0165,A,50.59,6,2024-01-06 09:00:00
u0166,A,0.0,0,2024-01-06 01:00:00
u0167,A,0.0,0,2024-01-02 19:00:00
u0168,A,0.0,0,2024-01-05 05:00:00
u0169,A,0.0,0,2024-01-03 13:00:00
u0170,A,0.0,0,2024-01-01 00:00:00
u0171,A,62.53,9,2024-01-01 16:00:00
u0172,A,0.0,0,2024-01-01 15:00:00
u0173,A,0.0,0,2024-01-01 08:00:00
u0174,A,0.0,0,2024-01-03 10:00:00
u0175,A,0.0,0,2024-01-05 22:00:00
u0176,A,0.0,0,2024-01-06 16:00:00
u0177,A,63.95,7,2024-01-06 19:00:00
u0178,A,0.0,0,2024-01-05 22:00:00
u0179,A,56.16,10,2024-01-02 16:00:00
u0180,A,0.0,0,2024-01-06 22:00:00
u0181,A,59.04,10,2024-01-03 17:00:00
u0182,A,0.0,0,2024-01-04 02:00:00
u0183,A,0.0,0,2024-01-01 10:00:00
u0184,A,0.0,0,2024-01-01 07:00:00
u0185,A,25.35,2,2024-01-06 13:00:00
u0186,A,0.0,0,2024-01-07 03:00:00
u0187,A,0.0,0,2024-01-07 22:00:00
u0188,A,0.0,0,2024-01-05 02:00:00
u0189,A,47.24,1,2024-01-03 23:00:00
u0190,A,0.0,0,2024-01-05 16:00:00
u0191,A,47.86,10,2024-01-05 10:00:00
u0192,A,0.0,0,2024-01-02 09:00:00
u0193,A,0.0,0,2024-01-03 08:00:00
u0194,A,0.0,0,2024-01-05 20:00:00
u0195,A,17.49,6,2024-01-05 23:00:00
u0196,A,0.0,0,2024-01-07 02:00:00
u0197,A,55.95,6,2024-01-03 22:00:00
u0198,A,0.0,0,2024-01-07 14:00:00
u0199,A,0.0,0,2024-01-02 15:00:00
u0200,A,0.0,0,2024-01-06 21:00:00
u0201,A,0.0,0,2024-01-05 06:00:00
u0202,A,44.84,10,2024-01-06 03:00:00
u0203,A,60.2,10,2024-01-06 02:00:00
u0204,A,37.01,2,2024-01-05 03:00:00
u0205,A,55.9,7,2024-01-07 20:00:00
u0206,A,0.0,0,2024-01-06 16:00:00
u0207,A,0.0,0,2024-01-03 09:00:00
u0208,A,86.38,5,2024-01-07 03:00:00
u0209,A,0.0,0,2024-01-05 12:00:00
u0210,A,52.73,7,2024-01-06 00:00:00
u0211,A,3.92,8,2024-01-04 19:00:00
u0212,A,0.0,0,2024-01-03 01:00:00
u0213,A,104.06,1,2024-01-07 03:00:00
u0214,A,0.0,0,2024-01-05 08:00:00
u0215,A,0.0,0,2024-01-07 19:00:00
u0216,A,0.0,0,2024-01-05 20:00:00
u0217,A,0.0,0,2024-01-02 02:00:00
u0218,A,0.0,0,2024-01-02 07:00:00
u0219,A,0.0,0,2024-01-01 00:00:00
u0220,A,63.68,3,2024-01-01 16:00:00
u0221,A,33.7,7,2024-01-06 16:00:00
u0222,A,0.0,0,2024-01-04 11:00:00
u0223,A,0.0,0,2024-01-02 20:00:00
u0224,A,44.7,10,2024-01-03 17:00:00
u0225,A,0.0,0,2024-01-02 07:00:00
u0226,A,0.0,0,2024-01-02 20:00:00
u0227,A,0.0,0,2024-01-01 08:00:00
u0228,A,0.0,0,2024-01-02 05:00:00
u0229,A,0.0,0,2024-01-04 11:00:00
u0230,A,16.51,4,2024-01-07 21:00:00
u0231,A,0.0,0,2024-01-03 11:00:00
u0232,A,0.0,0,2024-01-01 00:00:00
u0233,A,0.0,0,2024-01-01 04:00:00
u0234,A,0.0,0,2024-01-03 14:00:00
u0235,A,0.0,0,2024-01-07 19:00:00
u0236,A,47.61,2,2024-01-03 16:00:00
u0237,A,27.94,1,2024-01-04 05:00:00
u0238,A,0.0,0,2024-01-07 07:00:00
u0239,A,53.69,3,2024-01-06 11:00:00
u0240,A,41.6,4,2024-01-05 17:00:00
u0241,A,11.91,5,2024-01-02 00:00:00
u0242,A,0.0,0,2024-01-06 14:00:00
u0243,A,0.0,0,2024-01-06 20:00:00
u0244,A,0.0,0,2024-01-02 18:00:00
u0245,A,0.0,0,2024-01-03 08:00:00
u0246,A,0.0,0,2024-01-07 19:00:00
u0247,A,0.0,0,2024-01-06 21:00:00
u0248,A,7.52,10,2024-01-03 23:00:00
u0249,A,64.42,2,2024-01-02 02:00:00
u0250,A,39.1,7,2024-01-06 07:00:00
u0251,A,0.0,0,2024-01-05 09:00:00
u0252,A,0.0,0,2024-01-07 20:00:00
u0253,A,0.0,0,2024-01-03 22:00:00
u0254,A,0.0,0,2024-01-07 08:00:00
u0255,A,0.0,0,2024-01-03 18:00:00
u0256,A,0.0,0,2024-01-04 17:00:00
u0257,A,0.0,0,2024-01-01 03:00:00
u0258,A,30.43,5,2024-01-05 09:00:00
u0259,A,0.0,0,2024-01-04 06:00:00
u0260,A,14.04,9,2024-01-04 23:00:00
u0261,A,0.0,0,2024-01-04 20:00:00
u0262,A,0.0,0,2024-01-04 01:00:00
u0263,A,0.0,0,2024-01-06 05:00:00
u0264,A,0.0,0,2024-01-01 15:00:00
u0265,A,0.0,0,2024-01-07 02:00:00
u0266,A,0.0,0,2024-01-07 12:00:00
u0267,A,0.0,0,2024-01-05 19:00:00
u0268,A,0.0,0,2024-01-01 17:00:00
u0269,A,0.0,0,2024-01-01 15:00:00
u0270,A,38.0,6,2024-01-06 09:00:00
u0271,A,0.0,0,2024-01-03 07:00:00
u0272,A,36.05,9,2024-01-04 06:00:00
u0273,A,0.0,0,2024-01-05 06:00:00
u0274,A,42.27,9,2024-01-02 03:00:00
u0275,A,37.29,10,2024-01-01 04:00:00
u0276,A,0.0,0,2024-01-05 09:00:00
u0277,A,0.0,0,2024-01-01 21:00:00
u0278,A,31.79,5,2024-01-05 20:00:00
u0279,A,0.0,0,2024-01-05 03:00:00
u0280,A,0.0,0,2024-01-01 12:00:00
u0281,A,0.0,0,2024-01-03 16:00:00
u0282,A,57.62,4,2024-01-06 23:00:00
u0283,A,33.65,5,2024-01-04 13:00:00
u0284,A,0.0,0,2024-01-03 15:00:00
u0285,A,0.0,0,2024-01-02 07:00:00
u0286,A,0.0,0,2024-01-04 07:00:00
u0287,A,0.0,0,2024-01-03 02:00:00
u0288,A,19.99,4,2024-01-04 06:00:00
u0289,A,0.0,0,2024-01-05 09:00:00
u0290,A,0.0,0,2024-01-03 14:00:00
u0291,A,0.0,0,2024-01-04 03:00:00
u0292,A,33.32,2,2024-01-03 11:00:00
u0293,A,0.0,0,2024-01-03 16:00:00
u0294,A,0.0,0,2024-01-05 20:00:00
u0295,A,0.0,0,2024-01-04 08:00:00
u0296,A,0.0,0,2024-01-05 08:00:00
u0297,A,0.0,0,2024-01-06 07:00:00
u0298,A,0.0,0,2024-01-03 22:00:00
u0299,A,0.0,0,2024-01-04 13:00:00
u0300,A,70.13,7,2024-01-07 09:00:00
u0301,A,18.58,6,2024-01-06 19:00:00
u0302,A,71.63,10,2024-01-03 22:00:00
u0303,A,0.0,0,2024-01-02 21:00:00
u0304,A,71.84,1,2024-01-02 22:00:00
u0305,A,0.0,0,2024-01-04 06:00:00
u0306,A,0.0,0,2024-01-07 21:00:00
u0307,A,0.0,0,2024-01-07 04:00:00
u0308,A,0.0,0,2024-01-06 21:00:00
u0309,A,0.0,0,2024-01-06 09:00:00
u0310,A,0.0,0,2024-01-06 06:00:00
u0311,A,0.0,0,2024-01-05 12:00:00
u0312,A,0.0,0,2024-01-05 22:00:00
u0313,A,0.0,0,2024-01-05 04:00:00
u0314,A,0.0,0,2024-01-07 16:00:00
u0315,A,0.0,0,2024-01-01 05:00:00
u0316,A,48.27,3,2024-01-06 05:00:00
u0317,A,75.15,4,2024-01-05 06:00:00
u0318,A,0.0,0,2024-01-02 12:00:00
u0319,A,0.0,0,2024-01-06 21:00:00
u0320,A,0.0,0,2024-01-02 12:00:00
u0321,A,65.96,3,2024-01-01 07:00:00
u0322,A,0.0,0,2024-01-04 04:00:00
u0323,A,0.0,0,2024-01-06 20:00:00
u0324,A,0.0,0,2024-01-02 15:00:00
u0325,A,0.0,0,2024-01-05 10:00:00
u0326,A,0.0,0,2024-01-04 19:00:00
u0327,A,62.88,3,2024-01-01 17:00:00
u0328,A,0.0,0,2024-01-03 08:00:00
u0329,A,0.0,0,2024-01-04 10:00:00
u0330,A,32.79,10,2024-01-07 21:00:00
u0331,A,63.45,10,2024-01-02 07:00:00
u0332,A,0.0,0,2024-01-02 00:00:00
u0333,A,0.0,0,2024-01-02 08:00:00
u0334,A,0.0,0,2024-01-04 15:00:00
u0335,A,30.67,10,2024-01-07 13:00:00
u0336,A,0.0,0,2024-01-05 07:00:00
u0337,A,52.06,1,2024-01-02 09:00:00
u0338,A,0.0,0,2024-01-05 05:00:00
u0339,A,0.0,0,2024-01-06 06:00:00
u0340,A,0.0,0,2024-01-03 20:00:00
u0341,A,0.0,0,2024-01-02 15:00:00
u0342,A,0.0,0,2024-01-04 07:00:00
u0343,A,0.0,0,2024-01-06 20:00:00
u0344,A,0.0,0,2024-01-02 06:00:00
u0345,A,23.58,9,2024-01-05 19:00:00
u0346,A,0.0,0,2024-01-07 22:00:00
u0347,A,50.02,8,2024-01-03 14:00:00
u0348,A,0.0,0,2024-01-02 23:00:00
u0349,A,0.0,0,2024-01-04 14:00:00
u0350,A,0.0,0,2024-01-02 23:00:00
u0351,A,0.0,0,2024-01-03 12:00:00
u0352,A,73.32,9,2024-01-06 19:00:00
u0353,A,0.0,0,2024-01-04 05:00:00
u0354,A,0.0,0,2024-01-01 17:00:00
u0355,A,0.0,0,2024-01-07 10:00:00
u0356,A,0.0,0,2024-01-02 03:00:00
u0357,A,0.0,0,2024-01-04 07:00:00
u0358,A,66.19,10,2024-01-01 15:00:00
u0359,A,60.62,6,2024-01-04 04:00:00
u0360,A,0.0,0,2024-01-06 16:00:00
u0361,A,0.0,0,2024-01-02 01:00:00
u0362,A,0.0,0,2024-01-02 03:00:00
u0363,A,0.0,0,2024-01-05 08:00:00
u0364,A,0.0,0,2024-01-04 04:00:00
u0365,A,0.0,0,2024-01-07 19:00:00
u0366,A,0.0,0,2024-01-01 08:00:00
u0367,A,0.0,0,2024-01-03 02:00:00
u0368,A,0.0,0,2024-01-04 03:00:00
u0369,A,0.0,0,2024-01-06 01:00:00
u0370,A,0.0,0,2024-01-02 07:00:00
u0371,A,0.0,0,2024-01-03 08:00:00
u0372,A,74.48,5,2024-01-03 05:00:00
u0373,A,0.0,0,2024-01-05 19:00:00
u0374,A,0.0,0,2024-01-06 23:00:00
u0375,A,0.0,0,2024-01-03 13:00:00
u0376,A,50.02,6,2024-01-04 11:00:00
u0377,A,0.0,0,2024-01-03 07:00:00
u0378,A,0.0,0,2024-01-01 22:00:00
u0379,A,0.0,0,2024-01-01 16:00:00
u0380,A,37.23,1,2024-01-07 21:00:00
u0381,A,83.07,3,2024-01-07 13:00:00
u0382,A,0.0,0,2024-01-04 05:00:00
u0383,A,54.8,3,2024-01-01 21:00:00
u0384,A,59.73,10,2024-01-05 11:00:00
u0385,A,30.03,9,2024-01-01 16:00:00
u0386,A,0.0,0,2024-01-01 14:00:00
u0387,A,0.0,0,2024-01-05 17:00:00
u0388,A,0.0,0,2024-01-02 23:00:00
u0389,A,81.81,3,2024-01-07 15:00:00
u0390,A,0.0,0,2024-01-05 16:00:00
u0391,A,0.0,0,2024-01-07 23:00:00
u0392,A,0.0,0,2024-01-05 00:00:00
u0393,A,58.7,7,2024-01-04 18:00:00
u0394,A,42.12,3,2024-01-01 15:00:00
u0395,A,0.0,0,2024-01-07 11:00:00
u0396,A,56.13,7,2024-01-05 01:00:00
u0397,A,0.0,0,2024-01-05 14:00:00
u0398,A,60.38,2,2024-01-01 00:00:00
u0399,A,0.0,0,2024-01-02 16:00:00
u0400,A,0.0,0,2024-01-02 23:00:00
u0401,A,73.05,2,2024-01-07 14:00:00
u0402,A,0.0,0,2024-01-07 19:00:00
u0403,A,59.36,5,2024-01-05 11:00:00
u0404,A,0.0,0,2024-01-07 16:00:00
u0405,A,0.0,0,2024-01-07 16:00:00
u0406,A,0.0,0,2024-01-05 06:00:00
u0407,A,0.0,0,2024-01-06 07:00:00
u0408,A,0.0,0,2024-01-07 06:00:00
u0409,A,0.0,0,2024-01-02 05:00:00
u0410,A,0.0,0,2024-01-02 20:00:00
u0411,A,0.0,0,2024-01-04 07:00:00
u0412,A,18.29,6,2024-01-02 14:00:00
u0413,A,72.8,6,2024-01-02 20:00:00
u0414,A,0.0,0,2024-01-04 05:00:00
u0415,A,48.83,3,2024-01-04 08:00:00
u0416,A,0.0,0,2024-01-06 19:00:00
u0417,A,0.0,0,2024-01-04 20:00:00
u0418,A,71.88,9,2024-01-02 07:00:00
u0419,A,59.58,8,2024-01-01 23:00:00
u0420,A,0.0,0,2024-01-05 19:00:00
u0421,A,93.57,6,2024-01-01 12:00:00
u0422,A,0.0,0,2024-01-07 03:00:00
u0423,A,47.05,1,2024-01-04 06:00:00
u0424,A,0.0,0,2024-01-03 07:00:00
u0425,A,0.0,0,2024-01-03 04:00:00
u0426,A,0.0,0,2024-01-03 19:00:00
u0427,A,0.0,0,2024-01-02 09:00:00
u0428,A,0.0,0,2024-01-02 03:00:00
u0429,A,43.64,2,2024-01-03 01:00:00
u0430,A,0.0,0,2024-01-06 09:00:00
u0431,A,0.0,0,2024-01-05 14:00:00
u0432,A,0.0,0,2024-01-04 21:00:00
u0433,A,0.0,0,2024-01-07 09:00:00
u0434,A,0.0,0,2024-01-02 22:00:00
u0435,A,0.0,0,2024-01-02 01:00:00
u0436,A,0.0,0,2024-01-04 11:00:00
u0437,A,0.0,0,2024-01-05 09:00:00
u0438,A,0.0,0,2024-01-04 19:00:00
u0439,A,21.46,8,2024-01-05 23:00:00
u0440,A,51.39,2,2024-01-04 02:00:00
u0441,A,0.0,0,2024-01-06 01:00:00
u0442,A,0.0,0,2024-01-07 06:00:00
u0443,A,0.0,0,2024-01-07 20:00:00
u0444,A,0.0,0,2024-01-02 16:00:00
u0445,A,0.0,0,2024-01-03 03:00:00
u0446,A,0.0,0,2024-01-04 09:00:00
u0447,A,0.0,0,2024-01-07 10:00:00
u0448,A,0.0,0,2024-01-06 13:00:00
u0449,A,0.0,0,2024-01-04 01:00:00
u0450,A,41.67,3,2024-01-03 17:00:00
u0451,A,50.04,7,2024-01-01 23:00:00
u0452,A,0.0,0,2024-01-07 21:00:00
u0453,A,0.0,0,2024-01-02 03:00:00
u0454,A,32.78,3,2024-01-07 11:00:00
u0455,A,77.54,2,2024-01-05 20:00:00
u0456,A,0.0,0,2024-01-05 17:00:00
u0457,A,0.0,0,2024-01-03 12:00:00
u0458,A,0.0,0,2024-01-03 20:00:00
u0459,A,0.0,0,2024-01-05 17:00:00
u0460,A,0.0,0,2024-01-04 02:00:00
u0461,A,0.0,0,2024-01-03 10:00:00
u0462,A,0.0,0,2024-01-06 09:00:00
u0463,A,0.0,0,2024-01-01 14:00:00
u0464,A,61.96,7,2024-01-05 08:00:00
u0465,A,0.0,0,2024-01-07 20:00:00
u0466,A,0.0,0,2024-01-07 03:00:00
u0467,A,0.0,0,2024-01-05 01:00:00
u0468,A,0.0,0,2024-01-02 10:00:00
u0469,A,53.6,10,2024-01-07 17:00:00
u0470,A,0.0,0,2024-01-02 06:00:00
u0471,A,0.0,0,2024-01-06 06:00:00
u0472,A,71.94,1,2024-01-01 18:00:00
u0473,A,0.0,0,2024-01-01 23:00:00
u0474,A,40.05,5,2024-01-04 11:00:00
u0475,A,0.0,0,2024-01-07 22:00:00
u0476,A,0.0,0,2024-01-04 19:00:00
u0477,A,0.0,0,2024-01-07 22:00:00
u0478,A,0.0,0,2024-01-07 00:00:00
u0479,A,84.15,2,2024-01-07 02:00:00
u0480,A,34.58,2,2024-01-05 21:00:00
u0481,A,0.0,0,2024-01-07 18:00:00
u0482,A,0.0,0,2024-01-07 15:00:00
u0483,A,23.27,7,2024-01-02 22:00:00
u0484,A,76.73,1,2024-01-05 06:00:00
u0485,A,0.0,0,2024-01-06 00:00:00
u0486,A,0.0,0,2024-01-07 18:00:00
u0487,A,0.0,0,2024-01-04 21:00:00
u0488,A,52.68,6,2024-01-07 00:00:00
u0489,A,0.0,0,2024-01-02 17:00:00
u0490,A,0.0,0,2024-01-05 14:00:00
u0491,A,43.79,6,2024-01-02 04:00:00
u0492,A,0.0,0,2024-01-06 03:00:00
u0493,A,0.0,0,2024-01-01 16:00:00
u0494,A,0.0,0,2024-01-01 13:00:00
u0495,A,0.0,0,2024-01-07 07:00:00
u0496,A,0.0,0,2024-01-03 01:00:00
u0497,A,0.0,0,2024-01-03 08:00:00
u0498,A,0.0,0,2024-01-05 07:00:00
u0499,A,0.0,0,2024-01-02 14:00:00
u0500,A,64.76,1,2024-01-04 23:00:00
u0501,A,27.13,7,2024-01-02 11:00:00
u0502,A,0.0,0,2024-01-05 17:00:00
u0503,A,0.0,0,2024-01-02 12:00:00
u0504,A,0.0,0,2024-01-01 13:00:00
u0505,A,0.0,0,2024-01-07 10:00:00
u0506,A,0.0,0,2024-01-06 02:00:00
u0507,A,0.0,0,2024-01-04 10:00:00
u0508,A,0.0,0,2024-01-07 14:00:00
u0509,A,0.0,0,2024-01-04 00:00:00
u0510,A,0.0,0,2024-01-05 05:00:00
u0511,A,0.0,0,2024-01-04 08:00:00
u0512,A,0.0,0,2024-01-04 10:00:00
u0513,A,0.0,0,2024-01-02 19:00:00
u0514,A,0.0,0,2024-01-03 19:00:00
u0515,A,70.82,2,2024-01-02 23:00:00
u0516,A,24.69,9,2024-01-03 08:00:00
u0517,A,0.0,0,2024-01-04 02:00:00
u0518,A,0.0,0,2024-01-01 21:00:00
u0519,A,0.0,0,2024-01-06 11:00:00
u0520,A,0.0,0,2024-01-02 21:00:00
u0521,A,0.0,0,2024-01-07 17:00:00
u0522,A,33.26,9,2024-01-01 10:00:00
u0523,A,0.0,0,2024-01-02 06:00:00
u0524,A,43.12,2,2024-01-06 18:00:00
u0525,A,0.0,0,2024-01-05 23:00:00
u0526,A,0.0,0,2024-01-03 07:00:00
u0527,A,34.76,3,2024-01-02 13:00:00
u0528,A,0.0,0,2024-01-01 20:00:00
u0529,A,0.0,0,2024-01-05 13:00:00
u0530,A,0.0,0,2024-01-04 21:00:00
u0531,A,0.0,0,2024-01-06 17:00:00
u0532,A,79.96,3,2024-01-07 09:00:00
u0533,A,0.0,0,2024-01-06 15:00:00
u0534,A,20.9,8,2024-01-01 07:00:00
u0535,A,56.04,6,2024-01-03 23:00:00
u0536,A,39.05,7,2024-01-05 22:00:00
u0537,A,0.0,0,2024-01-02 09:00:00
u0538,A,0.0,0,2024-01-06 23:00:00
u0539,A,33.96,3,2024-01-05 08:00:00
u0540,A,0.0,0,2024-01-06 20:00:00
u0541,A,0.0,0,2024-01-04 14:00:00
u0542,A,0.0,0,2024-01-07 05:00:00
u0543,A,0.0,0,2024-01-07 10:00:00
u0544,A,0.0,0,2024-01-03 15:00:00
u0545,A,0.0,0,2024-01-01 01:00:00
u0546,A,0.0,0,2024-01-05 12:00:00
u0547,A,49.67,4,2024-01-02 01:00:00
u0548,A,0.0,0,2024-01-04 10:00:00
u0549,A,61.81,1,2024-01-05 10:00:00
u0550,A,0.0,0,2024-01-03 20:00:00
u0551,A,51.27,9,2024-01-05 00:00:00
u0552,A,0.0,0,2024-01-02 05:00:00
u0553,A,20.45,5,2024-01-01 07:00:00
u0554,A,0.0,0,2024-01-02 13:00:00
u0555,A,87.84,3,2024-01-04 08:00:00
u0556,A,0.0,0,2024-01-05 11:00:00
u0557,A,34.54,4,2024-01-03 16:00:00
u0558,A,32.59,7,2024-01-03 18:00:00
u0559,A,0.0,0,2024-01-04 17:00:00
u0560,A,0.0,0,2024-01-04 22:00:00
u0561,A,46.83,6,2024-01-03 23:00:00
u0562,A,0.0,0,2024-01-02 18:00:00
u0563,A,51.85,9,2024-01-02 21:00:00
u0564,A,0.0,0,2024-01-06 04:00:00
u0565,A,0.0,0,2024-01-07 18:00:00
u0566,A,67.43,3,2024-01-02 14:00:00
u0567,A,0.0,0,2024-01-03 02:00:00
u0568,A,19.35,8,2024-01-01 03:00:00
u0569,A,0.0,0,2024-01-06 00:00:00
u0570,A,0.0,0,2024-01-04 07:00:00
u0571,A,0.0,0,2024-01-04 04:00:00
u0572,A,0.0,0,2024-01-06 12:00:00
u0573,A,0.0,0,2024-01-03 06:00:00
u0574,A,0.0,0,2024-01-01 19:00:00
u0575,A,0.0,0,2024-01-07 07:00:00
u0576,A,0.0,0,2024-01-07 19:00:00
u0577,A,42.37,9,2024-01-02 09:00:00
u0578,A,0.0,0,2024-01-06 01:00:00
u0579,A,0.0,0,2024-01-05 12:00:00
u0580,A,0.0,0,2024-01-06 05:00:00
u0581,A,0.0,0,2024-01-03 05:00:00
u0582,A,25.8,10,2024-01-07 17:00:00
u0583,A,0.0,0,2024-01-07 00:00:00
u0584,A,0.0,0,2024-01-06 12:00:00
u0585,A,0.0,0,2024-01-04 16:00:00
u0586,A,0.0,0,2024-01-07 01:00:00
u0587,A,15.42,5,2024-01-03 04:00:00
u0588,A,0.0,0,2024-01-03 01:00:00
u0589,A,48.78,1,2024-01-03 23:00:00
u0590,A,0.0,0,2024-01-06 20:00:00
u0591,A,0.0,0,2024-01-01 15:00:00
u0592,A,73.34,6,2024-01-01 12:00:00
u0593,A,0.0,0,2024-01-01 19:00:00
u0594,A,0.0,0,2024-01-03 17:00:00
u0595,A,0.0,0,2024-01-02 22:00:00
u0596,A,0.0,0,2024-01-07 02:00:00
u0597,A,0.0,0,2024-01-07 20:00:00
u0598,A,0.0,0,2024-01-06 01:00:00
u0599,A,0.0,0,2024-01-03 05:00:00
u0600,A,0.0,0,2024-01-01 05:00:00
u0601,A,0.0,0,2024-01-01 13:00:00
u0602,A,0.0,0,2024-01-06 11:00:00
u0603,A,0.0,0,2024-01-04 13:00:00
u0604,A,0.0,0,2024-01-07 17:00:00
u0605,A,38.95,5,2024-01-02 02:00:00
u0606,A,0.0,0,2024-01-01 06:00:00
u0607,A,95.84,5,2024-01-06 10:00:00
u0608,A,0.0,0,2024-01-01 01:00:00
u0609,A,0.0,0,2024-01-04 07:00:00
u0610,A,0.0,0,2024-01-07 08:00:00
u0611,A,0.0,0,2024-01-03 11:00:00
u0612,A,0.0,0,2024-01-01 23:00:00
u0613,A,0.0,0,2024-01-01 14:00:00
u0614,A,0.0,0,2024-01-04 22:00:00
u0615,A,69.68,5,2024-01-06 21:00:00
u0616,A,0.0,0,2024-01-06 13:00:00
u0617,A,0.0,0,2024-01-04 08:00:00
u0618,A,23.91,9,2024-01-01 17:00:00
u0619,A,0.0,0,2024-01-01 19:00:00
u0620,A,0.0,0,2024-01-05 18:00:00
u0621,A,0.0,0,2024-01-02 15:00:00
u0622,A,26.07,3,2024-01-02 14:00:00
u0623,A,44.69,2,2024-01-02 07:00:00
u0624,A,0.0,0,2024-01-06 03:00:00
u0625,A,0.0,0,2024-01-05 11:00:00
u0626,A,49.35,5,2024-01-02 02:00:00
u0627,A,0.0,0,2024-01-05 13:00:00
u0628,A,0.0,0,2024-01-05 00:00:00
u0629,A,0.0,0,2024-01-04 01:00:00
u0630,A,0.0,0,2024-01-01 16:00:00
u0631,A,0.0,0,2024-01-03 00:00:00
u0632,A,0.0,0,2024-01-04 08:00:00
u0633,A,0.0,0,2024-01-05 19:00:00
u0634,A,0.0,0,2024-01-01 22:00:00
u0635,A,55.82,9,2024-01-05 01:00:00
u0636,A,0.0,0,2024-01-03 23:00:00
u0637,A,0.0,0,2024-01-06 20:00:00
u0638,A,0.0,0,2024-01-07 06:00:00
u0639,A,0.0,0,2024-01-03 08:00:00
u0640,A,0.0,0,2024-01-07 03:00:00
u0641,A,0.0,0,2024-01-04 13:00:00
u0642,A,51.05,3,2024-01-01 22:00:00
u0643,A,34.88,1,2024-01-05 08:00:00
u0644,A,0.0,0,2024-01-07 18:00:00
u0645,A,0.0,0,2024-01-03 18:00:00
u0646,A,0.0,0,2024-01-02 09:00:00
u0647,A,76.65,3,2024-01-02 08:00:00
u0648,A,68.58,9,2024-01-02 21:00:00
u0649,A,0.0,0,2024-01-04 08:00:00
u0650,A,0.0,0,2024-01-07 02:00:00
u0651,A,60.75,3,2024-01-04 14:00:00
u0652,A,0.0,0,2024-01-01 14:00:00
u0653,A,0.0,0,2024-01-06 02:00:00
u0654,A,0.0,0,2024-01-06 00:00:00
u0655,A,0.0,0,2024-01-04 05:00:00
u0656,A,42.84,9,2024-01-03 17:00:00
u0657,A,102.76,6,2024-01-02 14:00:00
u0658,A,0.0,0,2024-01-01 17:00:00
u0659,A,0.0,0,2024-01-07 15:00:00
u0660,A,0.0,0,2024-01-01 20:00:00
u0661,A,0.0,0,2024-01-07 23:00:00
u0662,A,0.0,0,2024-01-02 02:00:00
u0663,A,0.0,0,2024-01-01 01:00:00
u0664,A,0.0,0,2024-01-05 00:00:00
u0665,A,0.0,0,2024-01-02 14:00:00
u0666,A,0.0,0,2024-01-03 07:00:00
u0667,A,0.0,0,2024-01-05 10:00:00
u0668,A,0.0,0,2024-01-06 06:00:00
u0669,A,0.0,0,2024-01-01 12:00:00
u0670,A,52.79,2,2024-01-06 05:00:00
u0671,A,0.0,0,2024-01-03 07:00:00
u0672,A,0.0,0,2024-01-02 03:00:00
u0673,A,69.34,7,2024-01-03 15:00:00
u0674,A,59.88,9,2024-01-03 22:00:00
u0675,A,0.0,0,2024-01-05 22:00:00
u0676,A,64.84,9,2024-01-05 03:00:00
u0677,A,0.0,0,2024-01-02 16:00:00
u0678,A,0.0,0,2024-01-01 03:00:00
u0679,A,0.0,0,2024-01-07 13:00:00
u0680,A,0.0,0,2024-01-04 15:00:00
u0681,A,0.0,0,2024-01-04 11:00:00
u0682,A,0.0,0,2024-01-02 21:00:00
u0683,A,0.0,0,2024-01-07 14:00:00
u0684,A,0.0,0,2024-01-04 15:00:00
u0685,A,0.0,0,2024-01-01 06:00:00
u0686,A,0.0,0,2024-01-04 04:00:00
u0687,A,0.0,0,2024-01-06 15:00:00
u0688,A,70.38,8,2024-01-06 20:00:00
u0689,A,38.12,2,2024-01-04 20:00:00
u0690,A,37.68,1,2024-01-01 19:00:00
u0691,A,0.0,0,2024-01-04 05:00:00
u0692,A,63.98,7,2024-01-07 15:00:00
u0693,A,0.0,0,2024-01-02 02:00:00
u0694,A,0.0,0,2024-01-05 23:00:00
u0695,A,0.0,0,2024-01-02 00:00:00
u0696,A,0.0,0,2024-01-03 03:00:00
u0697,A,0.0,0,2024-01-01 20:00:00
u0698,A,0.0,0,2024-01-01 17:00:00
u0699,A,26.18,2,2024-01-02 14:00:00
u0700,A,0.0,0,2024-01-01 14:00:00
u0701,A,0.0,0,2024-01-03 04:00:00
u0702,A,27.32,1,2024-01-02 13:00:00
u0703,A,0.0,0,2024-01-03 03:00:00
u0704,A,0.0,0,2024-01-03 23:00:00
u0705,A,0.0,0,2024-01-02 03:00:00
u0706,A,0.0,0,2024-01-06 23:00:00
u0707,A,0.0,0,2024-01-05 21:00:00
u0708,A,0.0,0,2024-01-06 23:00:00
u0709,A,0.0,0,2024-01-02 10:00:00
u0710,A,0.0,0,2024-01-07 00:00:00
u0711,A,0.0,0,2024-01-05 02:00:00
u0712,A,0.0,0,2024-01-03 03:00:00
u0713,A,0.0,0,2024-01-06 19:00:00
u0714,A,50.58,7,2024-01-04 10:00:00
u0715,A,0.0,0,2024-01-02 23:00:00
u0716,A,0.0,0,2024-01-01 21:00:00
u0717,A,0.0,0,2024-01-06 02:00:00
u0718,A,0.0,0,2024-01-06 06:00:00
u0719,A,0.0,0,2024-01-03 03:00:00
u0720,A,0.0,0,2024-01-04 06:00:00
u0721,A,96.49,2,2024-01-06 08:00:00
u0722,A,39.42,9,2024-01-03 17:00:00
u0723,A,0.0,0,2024-01-03 15:00:00
u0724,A,47.88,6,2024-01-01 07:00:00
u0725,A,0.0,0,2024-01-02 00:00:00
u0726,A,0.0,0,2024-01-04 21:00:00
u0727,A,0.0,0,2024-01-01 14:00:00
u0728,A,0.0,0,2024-01-06 01:00:00
u0729,A,40.17,8,2024-01-04 02:00:00
u0730,A,0.0,0,2024-01-05 07:00:00
u0731,A,0.0,0,2024-01-02 13:00:00
u0732,A,62.38,4,2024-01-07 23:00:00
u0733,A,0.0,0,2024-01-05 18:00:00
u0734,A,0.0,0,2024-01-02 14:00:00
u0735,A,0.0,0,2024-01-05 11:00:00
u0736,A,22.84,10,2024-01-01 16:00:00
u0737,A,41.13,8,2024-01-06 14:00:00
u0738,A,0.0,0,2024-01-05 21:00:00
u0739,A,0.0,0,2024-01-02 14:00:00
u0740,A,0.0,0,2024-01-02 10:00:00
u0741,A,63.82,7,2024-01-03 02:00:00
u0742,A,0.0,0,2024-01-02 22:00:00
u0743,A,0.0,0,2024-01-02 11:00:00
u0744,A,49.1,8,2024-01-03 15:00:00
u0745,A,0.0,0,2024-01-04 22:00:00
u0746,A,0.0,0,2024-01-05 08:00:00
u0747,A,0.0,0,2024-01-01 12:00:00
u0748,A,46.7,2,2024-01-07 01:00:00
u0749,A,0.0,0,2024-01-07 04:00:00
u0750,A,0.0,0,2024-01-05 15:00:00
u0751,A,0.0,0,2024-01-03 16:00:00
u0752,A,0.0,0,2024-01-01 07:00:00
u0753,A,0.0,0,2024-01-02 23:00:00
u0754,A,0.0,0,2024-01-04 12:00:00
u0755,A,105.6,9,2024-01-02 18:00:00
u0756,A,0.0,0,2024-01-04 12:00:00
u0757,A,0.0,0,2024-01-07 10:00:00
u0758,A,0.0,0,2024-01-01 18:00:00
u0759,A,0.0,0,2024-01-01 22:00:00
u0760,A,45.29,3,2024-01-05 18:00:00
u0761,A,0.0,0,2024-01-03 01:00:00
u0762,A,0.0,0,2024-01-02 18:00:00
u0763,A,0.0,0,2024-01-05 02:00:00
u0764,A,0.0,0,2024-01-05 07:00:00
u0765,A,0.0,0,2024-01-05 19:00:00
u0766,A,0.0,0,2024-01-03 02:00:00
u0767,A,39.75,5,2024-01-05 09:00:00
u0768,A,63.66,6,2024-01-05 15:00:00
u0769,A,0.0,0,2024-01-03 23:00:00
u0770,A,85.75,10,2024-01-06 18:00:00
u0771,A,0.0,0,2024-01-04 07:00:00
u0772,A,0.0,0,2024-01-07 06:00:00
u0773,A,0.0,0,2024-01-03 00:00:00
u0774,A,0.0,0,2024-01-07 21:00:00
u0775,A,0.0,0,2024-01-02 22:00:00
u0776,A,0.0,0,2024-01-03 23:00:00
u0777,A,0.0,0,2024-01-01 06:00:00
u0778,A,0.0,0,2024-01-03 17:00:00
u0779,A,0.0,0,2024-01-04 04:00:00
u0780,A,71.97,4,2024-01-03 13:00:00
u0781,A,0.0,0,2024-01-07 12:00:00
u0782,A,0.0,0,2024-01-02 13:00:00
u0783,A,0.0,0,2024-01-06 04:00:00
u0784,A,0.0,0,2024-01-04 11:00:00
u0785,A,91.16,4,2024-01-07 16:00:00
u0786,A,0.0,0,2024-01-02 04:00:00
u0787,A,0.0,0,2024-01-05 17:00:00
u0788,A,47.47,5,2024-01-04 06:00:00
u0789,A,0.0,0,2024-01-01 22:00:00
u0790,A,0.0,0,2024-01-05 09:00:00
u0791,A,0.0,0,2024-01-06 10:00:00
u0792,A,21.56,8,2024-01-05 04:00:00
u0793,A,0.0,0,2024-01-01 07:00:00
u0794,A,0.0,0,2024-01-04 13:00:00
u0795,A,0.0,0,2024-01-05 20:00:00
u0796,A,0.0,0,2024-01-02 04:00:00
u0797,A,0.0,0,2024-01-01 01:00:00
u0798,A,0.0,0,2024-01-05 16:00:00
u0799,A,0.0,0,2024-01-03 16:00:00
u0800,A,66.19,1,2024-01-05 11:00:00
u0801,A,52.34,7,2024-01-01 19:00:00
u0802,A,0.0,0,2024-01-02 12:00:00
u0803,A,67.6,7,2024-01-03 23:00:00
u0804,A,0.0,0,2024-01-02 02:00:00
u0805,A,0.0,0,2024-01-06 02:00:00
u0806,A,0.0,0,2024-01-06 13:00:00
u0807,A,42.69,2,2024-01-02 20:00:00
u0808,A,60.09,10,2024-01-04 10:00:00
u0809,A,0.0,0,2024-01-07 01:00:00
u0810,A,76.74,4,2024-01-05 23:00:00
u0811,A,0.0,0,2024-01-03 16:00:00
u0812,A,56.13,4,2024-01-02 00:00:00
u0813,A,41.25,6,2024-01-02 02:00:00
u0814,A,0.0,0,2024-01-06 14:00:00
u0815,A,58.79,6,2024-01-05 09:00:00
u0816,A,0.0,0,2024-01-07 12:00:00
u0817,A,0.0,0,2024-01-02 19:00:00
u0818,A,0.0,0,2024-01-05 10:00:00
u0819,A,0.0,0,2024-01-02 11:00:00
u0820,A,36.4,2,2024-01-07 02:00:00
u0821,A,0.0,0,2024-01-01 05:00:00
u0822,A,0.0,0,2024-01-07 08:00:00
u0823,A,59.83,2,2024-01-07 14:00:00
u0824,A,45.42,7,2024-01-01 08:00:00
u0825,A,0.0,0,2024-01-07 20:00:00
u0826,A,33.56,6,2024-01-07 10:00:00
u0827,A,0.0,0,2024-01-01 12:00:00
u0828,A,52.75,3,2024-01-02 16:00:00
u0829,A,0.0,0,2024-01-06 07:00:00
u0830,A,0.0,0,2024-01-03 17:00:00
u0831,A,0.0,0,2024-01-04 12:00:00
u0832,A,0.0,0,2024-01-01 23:00:00
u0833,A,0.0,0,2024-01-02 19:00:00
u0834,A,0.0,0,2024-01-05 09:00:00
u0835,A,0.0,0,2024-01-05 01:00:00
u0836,A,0.0,9,2024-01-03 11:00:00
u0837,A,0.0,0,2024-01-01 08:00:00
u0838,A,0.0,0,2024-01-06 09:00:00
u0839,A,0.0,0,2024-01-03 07:00:00
u0840,A,0.0,0,2024-01-07 13:00:00
u0841,A,23.09,5,2024-01-01 21:00:00
u0842,A,44.38,4,2024-01-04 08:00:00
u0843,A,0.0,0,2024-01-05 03:00:00
u0844,A,0.0,0,2024-01-01 12:00:00
u0845,A,12.01,5,2024-01-03 22:00:00
u0846,A,0.0,0,2024-01-01 15:00:00
u0847,A,22.33,8,2024-01-02 20:00:00
u0848,A,0.0,0,2024-01-03 16:00:00
u0849,A,65.68,9,2024-01-06 18:00:00
u0850,A,0.0,0,2024-01-03 21:00:00
u0851,A,0.0,0,2024-01-07 03:00:00
u0852,A,40.77,5,2024-01-05 02:00:00
u0853,A,0.0,0,2024-01-05 04:00:00
u0854,A,0.0,0,2024-01-05 08:00:00
u0855,A,0.0,0,2024-01-06 19:00:00
u0856,A,0.0,0,2024-01-04 21:00:00
u0857,A,0.0,0,2024-01-02 17:00:00
u0858,A,0.0,0,2024-01-04 10:00:00
u0859,A,0.0,0,2024-01-06 12:00:00
u0860,A,0.0,0,2024-01-05 08:00:00
u0861,A,26.36,2,2024-01-07 10:00:00
u0862,A,0.0,0,2024-01-02 03:00:00
u0863,A,0.0,0,2024-01-02 01:00:00
u0864,A,0.0,0,2024-01-05 19:00:00
u0865,A,0.0,0,2024-01-03 00:00:00
u0866,A,0.0,0,2024-01-07 04:00:00
u0867,A,0.0,0,2024-01-01 00:00:00
u0868,A,0.0,0,2024-01-04 19:00:00
u0869,A,0.0,0,2024-01-03 09:00:00
u0870,A,0.0,0,2024-01-04 06:00:00
u0871,A,0.0,0,2024-01-04 08:00:00
u0872,A,0.0,0,2024-01-02 01:00:00
u0873,A,0.0,0,2024-01-07 08:00:00
u0874,A,0.0,0,2024-01-04 04:00:00
u0875,A,0.0,0,2024-01-07 16:00:00
u0876,A,43.71,2,2024-01-03 23:00:00
u0877,A,0.0,0,2024-01-03 20:00:00
u0878,A,0.0,0,2024-01-01 05:00:00
u0879,A,0.0,0,2024-01-01 22:00:00
u0880,A,0.0,0,2024-01-07 13:00:00
u0881,A,0.0,0,2024-01-03 05:00:00
u0882,A,0.0,0,2024-01-04 14:00:00
u0883,A,45.12,8,2024-01-01 10:00:00
u0884,A,0.0,0,2024-01-07 14:00:00
u0885,A,63.86,6,2024-01-06 13:00:00
u0886,A,0.0,0,2024-01-01 10:00:00
u0887,A,0.0,0,2024-01-04 04:00:00
u0888,A,0.0,0,2024-01-01 11:00:00
u0889,A,0.0,0,2024-01-03 04:00:00
u0890,A,0.0,0,2024-01-05 02:00:00
u0891,A,0.0,0,2024-01-02 11:00:00
u0892,A,0.0,0,2024-01-07 00:00:00
u0893,A,58.05,5,2024-01-02 03:00:00
u0894,A,76.42,2,2024-01-07 05:00:00
u0895,A,0.0,0,2024-01-05 05:00:00
u0896,A,0.0,0,2024-01-01 06:00:00
u0897,A,0.0,0,2024-01-01 14:00:00
u0898,A,0.0,0,2024-01-06 18:00:00
u0899,A,0.0,0,2024-01-01 23:00:00
u0900,A,0.0,0,2024-01-02 05:00:00
u0901,A,0.0,0,2024-01-03 17:00:00
u0902,A,0.0,0,2024-01-03 12:00:00
u0903,A,48.67,8,2024-01-04 05:00:00
u0904,A,0.0,0,2024-01-02 16:00:00
u0905,A,74.55,6,2024-01-04 09:00:00
u0906,A,0.0,0,2024-01-03 02:00:00
u0907,A,0.0,0,2024-01-04 22:00:00
u0908,A,0.0,0,2024-01-01 12:00:00
u0909,A,0.0,0,2024-01-04 17:00:00
u0910,A,0.0,0,2024-01-06 19:00:00
u0911,A,0.0,0,2024-01-04 09:00:00
u0912,A,0.0,0,2024-01-01 08:00:00
u0913,A,0.0,0,2024-01-02 23:00:00
u0914,A,0.0,0,2024-01-03 00:00:00
u0915,A,0.0,0,2024-01-03 04:00:00
u0916,A,0.0,0,2024-01-02 15:00:00
u0917,A,0.0,0,2024-01-05 10:00:00
u0918,A,0.0,0,2024-01-01 23:00:00
u0919,A,0.0,0,2024-01-05 11:00:00
u0920,A,35.93,7,2024-01-02 08:00:00
u0921,A,0.0,0,2024-01-01 22:00:00
u0922,A,52.89,7,2024-01-04 04:00:00
u0923,A,0.0,0,2024-01-03 05:00:00
u0924,A,0.0,0,2024-01-03 04:00:00
u0925,A,0.0,0,2024-01-03 00:00:00
u0926,A,0.0,0,2024-01-04 05:00:00
u0927,A,0.0,0,2024-01-04 07:00:00
u0928,A,66.14,10,2024-01-05 05:00:00
u0929,A,0.0,0,2024-01-06 01:00:00
u0930,A,0.0,0,2024-01-05 06:00:00
u0931,A,0.0,0,2024-01-04 17:00:00
u0932,A,49.17,6,2024-01-04 17:00:00
u0933,A,0.0,0,2024-01-07 15:00:00
u0934,A,0.0,0,2024-01-06 00:00:00
u0935,A,0.0,0,2024-01-07 04:00:00
u0936,A,59.2,10,2024-01-07 01:00:00
u0937,A,80.81,4,2024-01-03 11:00:00
u0938,A,0.0,0,2024-01-06 01:00:00
u0939,A,36.29,8,2024-01-06 20:00:00
u0940,A,66.41,3,2024-01-07 07:00:00
u0941,A,0.0,0,2024-01-02 05:00:00
u0942,A,0.0,0,2024-01-06 09:00:00
u0943,A,0.0,0,2024-01-04 10:00:00
u0944,A,29.53,7,2024-01-05 14:00:00
u0945,A,0.0,0,2024-01-05 11:00:00
u0946,A,0.0,10,2024-01-05 14:00:00
u0947,A,0.0,0,2024-01-02 00:00:00
u0948,A,46.45,10,2024-01-03 01:00:00
u0949,A,0.0,0,2024-01-01 13:00:00
u0950,A,0.0,0,2024-01-06 13:00:00
u0951,A,18.41,2,2024-01-04 03:00:00
u0952,A,33.64,9,2024-01-04 11:00:00
u0953,A,57.82,10,2024-01-04 14:00:00
u0954,A,0.0,0,2024-01-07 13:00:00
u0955,A,0.0,0,2024-01-02 05:00:00
u0956,A,0.0,0,2024-01-07 21:00:00
u0957,A,0.0,0,2024-01-03 09:00:00
u0958,A,0.0,0,2024-01-04 21:00:00
u0959,A,0.0,0,2024-01-02 16:00:00
u0960,A,0.0,0,2024-01-04 21:00:00
u0961,A,47.84,10,2024-01-03 08:00:00
u0962,A,0.0,0,2024-01-07 19:00:00
u0963,A,0.0,0,2024-01-03 15:00:00
u0964,A,0.0,0,2024-01-05 01:00:00
u0965,A,0.0,0,2024-01-01 15:00:00
u0966,A,0.0,0,2024-01-04 15:00:00
u0967,A,46.13,10,2024-01-04 05:00:00
u0968,A,79.43,3,2024-01-04 17:00:00
u0969,A,49.56,6,2024-01-03 23:00:00
u0970,A,64.14,3,2024-01-01 13:00:00
u0971,A,0.0,0,2024-01-02 06:00:00
u0972,A,0.0,0,2024-01-03 17:00:00
u0973,A,0.0,0,2024-01-05 15:00:00
u0974,A,0.0,0,2024-01-03 19:00:00
u0975,A,0.0,0,2024-01-03 06:00:00
u0976,A,0.0,0,2024-01-06 02:00:00
u0977,A,0.0,0,2024-01-07 23:00:00
u0978,A,0.0,0,2024-01-07 08:00:00
u0979,A,0.0,0,2024-01-02 00:00:00
u0980,A,0.0,0,2024-01-06 10:00:00
u0981,A,0.0,0,2024-01-03 20:00:00
u0982,A,0.0,0,2024-01-05 05:00:00
u0983,A,0.0,0,2024-01-05 21:00:00
u0984,A,14.14,7,2024-01-02 01:00:00
u0985,A,0.0,0,2024-01-02 15:00:00
u0986,A,0.0,0,2024-01-02 13:00:00
u0987,A,44.6,6,2024-01-07 21:00:00
u0988,A,0.0,0,2024-01-01 06:00:00
u0989,A,0.0,0,2024-01-07 13:00:00
u0990,A,0.0,0,2024-01-05 23:00:00
u0991,A,0.0,0,2024-01-07 02:00:00
u0992,A,44.8,1,2024-01-02 10:00:00
u0993,A,32.4,4,2024-01-07 16:00:00
u0994,A,0.0,0,2024-01-07 16:00:00
u0995,A,0.0,0,2024-01-04 05:00:00
u0996,A,0.0,0,2024-01-02 13:00:00
u0997,A,0.0,0,2024-01-06 17:00:00
u0998,A,0.0,0,2024-01-02 03:00:00
u0999,A,0.0,0,2024-01-05 03:00:00
u1000,A,0.0,0,2024-01-02 13:00:00
u1001,B,0.0,0,2024-01-06 23:00:00
u1002,B,0.0,0,2024-01-06 03:00:00
u1003,B,0.0,0,2024-01-07 04:00:00
u1004,B,0.0,0,2024-01-04 19:00:00
u1005,B,34.21,3,2024-01-05 00:00:00
u1006,B,0.0,0,2024-01-01 05:00:00
u1007,B,0.0,0,2024-01-06 06:00:00
u1008,B,68.43,5,2024-01-01 14:00:00
u1009,B,0.0,0,2024-01-05 11:00:00
u1010,B,0.0,0,2024-01-06 10:00:00
u1011,B,0.0,0,2024-01-02 18:00:00
u1012,B,0.0,0,2024-01-02 22:00:00
u1013,B,0.0,0,2024-01-05 02:00:00
u1014,B,0.0,0,2024-01-01 13:00:00
u1015,B,0.0,0,2024-01-07 12:00:00
u1016,B,79.25,2,2024-01-06 11:00:00
u1017,B,0.0,0,2024-01-07 09:00:00
u1018,B,0.0,0,2024-01-05 18:00:00
u1019,B,75.35,7,2024-01-06 19:00:00
u1020,B,0.0,0,2024-01-01 01:00:00
u1021,B,81.79,1,2024-01-07 00:00:00
u1022,B,0.0,0,2024-01-02 10:00:00
u1023,B,31.23,8,2024-01-01 09:00:00
u1024,B,0.0,0,2024-01-05 15:00:00
u1025,B,12.43,5,2024-01-01 20:00:00
u1026,B,63.85,8,2024-01-01 14:00:00
u1027,B,0.0,0,2024-01-07 18:00:00
u1028,B,0.0,0,2024-01-05 15:00:00
u1029,B,0.0,0,2024-01-06 05:00:00
u1030,B,0.0,0,2024-01-04 12:00:00
u1031,B,0.0,0,2024-01-04 12:00:00
u1032,B,0.0,0,2024-01-01 04:00:00
u1033,B,0.0,0,2024-01-05 20:00:00
u1034,B,0.0,0,2024-01-07 01:00:00
u1035,B,0.0,0,2024-01-07 04:00:00
u1036,B,0.0,0,2024-01-03 23:00:00
u1037,B,0.0,0,2024-01-04 01:00:00
u1038,B,0.0,0,2024-01-03 02:00:00
u1039,B,0.0,0,2024-01-01 23:00:00
u1040,B,0.0,0,2024-01-07 07:00:00
u1041,B,0.0,0,2024-01-02 13:00:00
u1042,B,0.0,0,2024-01-02 19:00:00
u1043,B,0.0,0,2024-01-07 17:00:00
u1044,B,59.17,1,2024-01-04 02:00:00
u1045,B,0.0,0,2024-01-04 22:00:00
u1046,B,0.0,0,2024-01-01 22:00:00
u1047,B,42.93,8,2024-01-06 03:00:00
u1048,B,46.61,10,2024-01-04 13:00:00
u1049,B,40.43,9,2024-01-02 18:00:00
u1050,B,0.0,0,2024-01-02 15:00:00
u1051,B,0.0,0,2024-01-02 22:00:00
u1052,B,41.27,3,2024-01-01 19:00:00
u1053,B,0.0,0,2024-01-05 12:00:00
u1054,B,0.0,0,2024-01-03 19:00:00
u1055,B,65.15,1,2024-01-01 23:00:00
u1056,B,53.11,1,2024-01-02 11:00:00
u1057,B,45.01,9,2024-01-02 20:00:00
u1058,B,66.76,6,2024-01-06 09:00:00
u1059,B,49.1,4,2024-01-02 03:00:00
u1060,B,0.0,0,2024-01-07 09:00:00
u1061,B,34.61,5,2024-01-01 22:00:00
u1062,B,0.0,0,2024-01-07 19:00:00
u1063,B,0.0,0,2024-01-04 18:00:00
u1064,B,65.98,8,2024-01-06 13:00:00
u1065,B,0.0,0,2024-01-07 18:00:00
u1066,B,0.0,0,2024-01-05 06:00:00
u1067,B,0.0,0,2024-01-02 13:00:00
u1068,B,5.85,6,2024-01-07 18:00:00
u1069,B,0.0,0,2024-01-04 21:00:00
u1070,B,41.52,8,2024-01-03 04:00:00
u1071,B,0.0,0,2024-01-02 13:00:00
u1072,B,55.7,4,2024-01-02 18:00:00
u1073,B,67.71,6,2024-01-05 06:00:00
u1074,B,0.0,0,2024-01-05 17:00:00
u1075,B,0.0,0,2024-01-01 03:00:00
u1076,B,0.0,0,2024-01-01 04:00:00
u1077,B,67.38,7,2024-01-03 19:00:00
u1078,B,0.0,0,2024-01-06 02:00:00
u1079,B,78.72,8,2024-01-04 07:00:00
u1080,B,0.0,0,2024-01-07 08:00:00
u1081,B,60.61,10,2024-01-01 10:00:00
u1082,B,42.05,7,2024-01-07 12:00:00
u1083,B,46.94,7,2024-01-07 17:00:00
u1084,B,49.0,7,2024-01-06 21:00:00
u1085,B,0.0,0,2024-01-05 23:00:00
u1086,B,0.0,0,2024-01-07 07:00:00
u1087,B,74.3,10,2024-01-07 22:00:00
u1088,B,58.98,8,2024-01-02 01:00:00
u1089,B,0.0,0,2024-01-02 11:00:00
u1090,B,0.0,0,2024-01-07 22:00:00
u1091,B,0.0,0,2024-01-06 23:00:00
u1092,B,0.0,0,2024-01-06 01:00:00
u1093,B,0.0,0,2024-01-03 10:00:00
u1094,B,0.0,0,2024-01-04 23:00:00
u1095,B,69.46,9,2024-01-01 05:00:00
u1096,B,0.0,0,2024-01-05 01:00:00
u1097,B,0.0,0,2024-01-03 07:00:00
u1098,B,0.0,0,2024-01-06 15:00:00
u1099,B,0.0,0,2024-01-04 21:00:00
u1100,B,38.41,8,2024-01-02 02:00:00
u1101,B,79.94,1,2024-01-07 10:00:00
u1102,B,0.0,0,2024-01-05 23:00:00
u1103,B,37.4,10,2024-01-02 00:00:00
u1104,B,43.52,5,2024-01-04 13:00:00
u1105,B,83.82,9,2024-01-07 01:00:00
u1106,B,0.0,0,2024-01-01 11:00:00
u1107,B,15.6,8,2024-01-04 14:00:00
u1108,B,0.0,0,2024-01-05 12:00:00
u1109,B,0.0,0,2024-01-07 22:00:00
u1110,B,0.0,0,2024-01-04 16:00:00
u1111,B,0.0,0,2024-01-01 09:00:00
u1112,B,0.0,0,2024-01-04 01:00:00
u1113,B,0.0,0,2024-01-04 04:00:00
u1114,B,0.0,0,2024-01-03 05:00:00
u1115,B,81.45,9,2024-01-07 12:00:00
u1116,B,88.58,3,2024-01-05 05:00:00
u1117,B,0.0,0,2024-01-06 16:00:00
u1118,B,65.7,7,2024-01-07 20:00:00
u1119,B,20.73,7,2024-01-06 21:00:00
u1120,B,69.22,6,2024-01-05 04:00:00
u1121,B,0.0,0,2024-01-04 00:00:00
u1122,B,58.38,7,2024-01-03 23:00:00
u1123,B,94.89,5,2024-01-07 22:00:00
u1124,B,77.2,7,2024-01-07 23:00:00
u1125,B,0.0,0,2024-01-03 05:00:00
u1126,B,0.0,0,2024-01-01 02:00:00
u1127,B,0.0,0,2024-01-05 14:00:00
u1128,B,0.0,0,2024-01-07 16:00:00
u1129,B,0.0,0,2024-01-04 23:00:00
u1130,B,0.0,0,2024-01-03 22:00:00
u1131,B,43.85,1,2024-01-01 18:00:00
u1132,B,55.53,10,2024-01-02 09:00:00
u1133,B,0.0,0,2024-01-03 01:00:00
u1134,B,95.68,7,2024-01-02 21:00:00
u1135,B,0.0,0,2024-01-04 10:00:00
u1136,B,42.32,1,2024-01-03 02:00:00
u1137,B,62.95,2,2024-01-03 05:00:00
u1138,B,46.39,4,2024-01-04 17:00:00
u1139,B,72.3,1,2024-01-04 08:00:00
u1140,B,0.0,0,2024-01-05 21:00:00
u1141,B,76.23,8,2024-01-07 11:00:00
u1142,B,0.0,0,2024-01-01 18:00:00
u1143,B,118.71,8,2024-01-02 02:00:00
u1144,B,39.44,6,2024-01-07 02:00:00
u1145,B,25.79,6,2024-01-01 06:00:00
u1146,B,0.0,0,2024-01-07 12:00:00
u1147,B,28.64,9,2024-01-03 20:00:00
u1148,B,0.0,0,2024-01-04 21:00:00
u1149,B,0.0,0,2024-01-05 16:00:00
u1150,B,41.56,7,2024-01-05 10:00:00
u1151,B,0.0,0,2024-01-05 23:00:00
u1152,B,70.36,9,2024-01-06 15:00:00
u1153,B,0.0,0,2024-01-02 17:00:00
u1154,B,0.0,0,2024-01-01 12:00:00
u1155,B,77.88,9,2024-01-07 09:00:00
u1156,B,0.0,0,2024-01-01 17:00:00
u1157,B,0.0,0,2024-01-02 17:00:00
u1158,B,67.32,6,2024-01-03 02:00:00
u1159,B,0.0,0,2024-01-05 16:00:00
u1160,B,0.0,0,2024-01-06 23:00:00
u1161,B,0.0,0,2024-01-05 04:00:00
u1162,B,69.84,2,2024-01-01 02:00:00
u1163,B,101.28,6,2024-01-04 06:00:00
u1164,B,63.16,8,2024-01-05 01:00:00
u1165,B,0.0,0,2024-01-07 05:00:00
u1166,B,56.09,9,2024-01-01 22:00:00
u1167,B,65.94,5,2024-01-03 10:00:00
u1168,B,93.35,2,2024-01-05 16:00:00
u1169,B,0.0,0,2024-01-03 19:00:00
u1170,B,68.27,9,2024-01-03 05:00:00
u1171,B,102.71,10,2024-01-03 08:00:00
u1172,B,0.0,0,2024-01-07 06:00:00
u1173,B,0.0,0,2024-01-05 14:00:00
u1174,B,47.42,10,2024-01-03 11:00:00
u1175,B,0.0,0,2024-01-04 00:00:00
u1176,B,60.67,9,2024-01-03 06:00:00
u1177,B,15.65,5,2024-01-05 20:00:00
u1178,B,0.0,0,2024-01-03 14:00:00
u1179,B,0.0,0,2024-01-03 06:00:00
u1180,B,0.0,0,2024-01-02 00:00:00
u1181,B,77.44,7,2024-01-02 01:00:00
u1182,B,0.0,0,2024-01-03 14:00:00
u1183,B,76.48,10,2024-01-04 00:00:00
u1184,B,0.0,0,2024-01-04 06:00:00
u1185,B,0.0,0,2024-01-07 22:00:00
u1186,B,0.0,0,2024-01-03 16:00:00
u1187,B,0.0,0,2024-01-03 20:00:00
u1188,B,54.69,3,2024-01-01 08:00:00
u1189,B,0.0,0,2024-01-07 11:00:00
u1190,B,0.0,0,2024-01-02 01:00:00
u1191,B,0.0,0,2024-01-02 03:00:00
u1192,B,0.0,0,2024-01-02 15:00:00
u1193,B,0.0,0,2024-01-06 22:00:00
u1194,B,73.75,8,2024-01-06 13:00:00
u1195,B,0.0,0,2024-01-02 02:00:00
u1196,B,0.0,0,2024-01-02 13:00:00
u1197,B,0.0,0,2024-01-04 12:00:00
u1198,B,47.85,2,2024-01-03 15:00:00
u1199,B,0.0,0,2024-01-02 05:00:00
u1200,B,0.0,0,2024-01-05 02:00:00
u1201,B,90.78,1,2024-01-06 10:00:00
u1202,B,0.0,0,2024-01-01 11:00:00
u1203,B,0.0,0,2024-01-04 18:00:00
u1204,B,0.0,0,2024-01-02 05:00:00
u1205,B,41.02,7,2024-01-02 13:00:00
u1206,B,0.0,0,2024-01-04 12:00:00
u1207,B,12.99,9,2024-01-03 11:00:00
u1208,B,0.0,0,2024-01-02 13:00:00
u1209,B,0.0,0,2024-01-05 07:00:00
u1210,B,0.0,0,2024-01-06 22:00:00
u1211,B,0.0,0,2024-01-07 01:00:00
u1212,B,73.9,1,2024-01-02 04:00:00
u1213,B,0.0,0,2024-01-05 15:00:00
u1214,B,0.0,0,2024-01-01 20:00:00
u1215,B,0.0,0,2024-01-07 00:00:00
u1216,B,31.33,4,2024-01-07 01:00:00
u1217,B,0.0,0,2024-01-05 22:00:00
u1218,B,17.86,1,2024-01-07 20:00:00
u1219,B,0.0,0,2024-01-03 11:00:00
u1220,B,0.0,0,2024-01-07 21:00:00
u1221,B,0.0,0,2024-01-06 19:00:00
u1222,B,0.0,0,2024-01-05 16:00:00
u1223,B,0.0,0,2024-01-06 08:00:00
u1224,B,0.0,0,2024-01-03 09:00:00
u1225,B,99.84,2,2024-01-01 02:00:00
u1226,B,96.68,4,2024-01-07 04:00:00
u1227,B,42.64,5,2024-01-01 22:00:00
u1228,B,0.0,0,2024-01-06 16:00:00
u1229,B,0.0,0,2024-01-04 10:00:00
u1230,B,0.0,0,2024-01-03 06:00:00
u1231,B,30.09,6,2024-01-05 13:00:00
u1232,B,59.75,5,2024-01-05 19:00:00
u1233,B,0.0,0,2024-01-07 02:00:00
u1234,B,0.0,0,2024-01-03 13:00:00
u1235,B,0.0,0,2024-01-04 14:00:00
u1236,B,0.0,0,2024-01-07 22:00:00
u1237,B,0.0,0,2024-01-05 03:00:00
u1238,B,0.0,0,2024-01-02 02:00:00
u1239,B,67.72,3,2024-01-02 09:00:00
u1240,B,0.0,0,2024-01-02 08:00:00
u1241,B,0.0,0,2024-01-04 19:00:00
u1242,B,24.59,2,2024-01-04 23:00:00
u1243,B,0.0,0,2024-01-07 03:00:00
u1244,B,0.0,0,2024-01-07 23:00:00
u1245,B,0.0,0,2024-01-04 22:00:00
u1246,B,0.0,0,2024-01-07 14:00:00
u1247,B,0.0,0,2024-01-02 13:00:00
u1248,B,42.98,7,2024-01-02 16:00:00
u1249,B,0.0,0,2024-01-06 16:00:00
u1250,B,0.0,0,2024-01-06 16:00:00
u1251,B,61.84,1,2024-01-04 06:00:00
u1252,B,0.0,0,2024-01-06 07:00:00
u1253,B,110.6,5,2024-01-01 21:00:00
u1254,B,40.13,5,2024-01-01 15:00:00
u1255,B,0.0,0,2024-01-02 07:00:00
u1256,B,44.9,8,2024-01-06 21:00:00
u1257,B,0.0,0,2024-01-02 13:00:00
u1258,B,25.48,9,2024-01-05 01:00:00
u1259,B,0.0,0,2024-01-06 15:00:00
u1260,B,93.87,10,2024-01-01 20:00:00
u1261,B,63.03,1,2024-01-03 07:00:00
u1262,B,0.0,0,2024-01-02 21:00:00
u1263,B,0.0,0,2024-01-02 18:00:00
u1264,B,77.97,7,2024-01-05 23:00:00
u1265,B,43.48,10,2024-01-02 21:00:00
u1266,B,0.0,0,2024-01-02 23:00:00
u1267,B,98.67,9,2024-01-04 11:00:00
u1268,B,0.0,0,2024-01-02 06:00:00
u1269,B,0.0,0,2024-01-07 16:00:00
u1270,B,0.0,0,2024-01-03 22:00:00
u1271,B,0.0,0,2024-01-01 07:00:00
u1272,B,43.88,7,2024-01-06 09:00:00
u1273,B,0.0,0,2024-01-07 00:00:00
u1274,B,33.55,10,2024-01-03 03:00:00
u1275,B,0.0,0,2024-01-02 20:00:00
u1276,B,0.0,0,2024-01-02 12:00:00
u1277,B,0.0,0,2024-01-02 19:00:00
u1278,B,0.0,0,2024-01-05 20:00:00
u1279,B,0.0,0,2024-01-02 13:00:00
u1280,B,0.0,0,2024-01-05 02:00:00
u1281,B,0.0,0,2024-01-06 03:00:00
u1282,B,0.0,0,2024-01-01 05:00:00
u1283,B,0.0,0,2024-01-03 19:00:00
u1284,B,0.0,0,2024-01-05 04:00:00
u1285,B,63.74,7,2024-01-07 18:00:00
u1286,B,59.11,4,2024-01-06 13:00:00
u1287,B,0.0,0,2024-01-01 12:00:00
u1288,B,0.0,0,2024-01-02 05:00:00
u1289,B,0.0,0,2024-01-05 03:00:00
u1290,B,43.7,1,2024-01-01 01:00:00
u1291,B,0.0,0,2024-01-03 09:00:00
u1292,B,0.0,0,2024-01-02 11:00:00
u1293,B,0.0,0,2024-01-03 23:00:00
u1294,B,0.0,0,2024-01-06 16:00:00
u1295,B,0.0,0,2024-01-06 05:00:00
u1296,B,130.58,5,2024-01-04 04:00:00
u1297,B,0.0,0,2024-01-03 01:00:00
u1298,B,0.0,0,2024-01-02 07:00:00
u1299,B,0.0,0,2024-01-05 01:00:00
u1300,B,0.0,0,2024-01-02 18:00:00
u1301,B,45.6,10,2024-01-06 04:00:00
u1302,B,0.0,0,2024-01-04 22:00:00
u1303,B,59.17,9,2024-01-04 05:00:00
u1304,B,0.0,0,2024-01-03 05:00:00
u1305,B,0.0,0,2024-01-02 22:00:00
u1306,B,61.1,6,2024-01-01 13:00:00
u1307,B,0.0,0,2024-01-03 06:00:00
u1308,B,50.68,2,2024-01-07 12:00:00
u1309,B,0.0,0,2024-01-03 14:00:00
u1310,B,65.75,4,2024-01-01 18:00:00
u1311,B,0.0,0,2024-01-04 18:00:00
u1312,B,0.0,0,2024-01-06 16:00:00
u1313,B,42.81,1,2024-01-05 04:00:00
u1314,B,42.19,9,2024-01-02 12:00:00
u1315,B,17.8,5,2024-01-05 10:00:00
u1316,B,86.79,7,2024-01-04 19:00:00
u1317,B,46.27,9,2024-01-03 03:00:00
u1318,B,0.0,0,2024-01-02 03:00:00
u1319,B,0.0,0,2024-01-02 11:00:00
u1320,B,0.0,0,2024-01-05 19:00:00
u1321,B,0.0,0,2024-01-03 15:00:00
u1322,B,0.0,0,2024-01-01 17:00:00
u1323,B,0.0,0,2024-01-04 16:00:00
u1324,B,0.0,0,2024-01-07 18:00:00
u1325,B,65.15,1,2024-01-04 05:00:00
u1326,B,0.0,0,2024-01-07 22:00:00
u1327,B,0.0,0,2024-01-04 17:00:00
u1328,B,0.0,0,2024-01-01 07:00:00
u1329,B,19.35,1,2024-01-01 14:00:00
u1330,B,33.57,4,2024-01-01 06:00:00
u1331,B,0.0,0,2024-01-01 16:00:00
u1332,B,0.0,0,2024-01-04 13:00:00
u1333,B,0.0,0,2024-01-05 21:00:00
u1334,B,0.0,0,2024-01-03 15:00:00
u1335,B,0.0,0,2024-01-01 11:00:00
u1336,B,0.0,0,2024-01-03 07:00:00
u1337,B,0.0,0,2024-01-05 04:00:00
u1338,B,0.0,0,2024-01-01 15:00:00
u1339,B,77.58,5,2024-01-01 01:00:00
u1340,B,69.61,1,2024-01-06 07:00:00
u1341,B,0.0,0,2024-01-04 19:00:00
u1342,B,0.0,0,2024-01-05 08:00:00
u1343,B,0.0,0,2024-01-07 10:00:00
u1344,B,0.0,0,2024-01-02 06:00:00
u1345,B,51.42,6,2024-01-07 19:00:00
u1346,B,0.0,0,2024-01-02 22:00:00
u1347,B,86.0,4,2024-01-02 18:00:00
u1348,B,0.0,0,2024-01-03 16:00:00
u1349,B,24.12,6,2024-01-03 01:00:00
u1350,B,0.0,0,2024-01-01 00:00:00
u1351,B,23.23,5,2024-01-06 23:00:00
u1352,B,0.0,0,2024-01-06 01:00:00
u1353,B,0.0,0,2024-01-02 03:00:00
u1354,B,0.0,0,2024-01-04 13:00:00
u1355,B,0.0,0,2024-01-04 09:00:00
u1356,B,83.42,10,2024-01-01 21:00:00
u1357,B,30.7,7,2024-01-02 16:00:00
u1358,B,46.63,7,2024-01-04 03:00:00
u1359,B,0.0,0,2024-01-07 02:00:00
u1360,B,24.91,1,2024-01-04 16:00:00
u1361,B,0.0,0,2024-01-03 10:00:00
u1362,B,0.0,0,2024-01-03 20:00:00
u1363,B,0.0,0,2024-01-07 17:00:00
u1364,B,0.0,0,2024-01-07 22:00:00
u1365,B,0.0,0,2024-01-06 02:00:00
u1366,B,0.0,0,2024-01-04 01:00:00
u1367,B,0.0,0,2024-01-01 06:00:00
u1368,B,53.16,8,2024-01-05 04:00:00
u1369,B,0.0,0,2024-01-05 14:00:00
u1370,B,0.0,0,2024-01-03 03:00:00
u1371,B,0.0,0,2024-01-01 23:00:00
u1372,B,0.0,0,2024-01-02 01:00:00
u1373,B,0.0,0,2024-01-06 04:00:00
u1374,B,0.0,0,2024-01-04 17:00:00
u1375,B,0.0,0,2024-01-06 01:00:00
u1376,B,58.97,2,2024-01-01 09:00:00
u1377,B,0.0,0,2024-01-01 16:00:00
u1378,B,83.28,1,2024-01-01 01:00:00
u1379,B,0.0,0,2024-01-05 15:00:00
u1380,B,0.0,0,2024-01-02 02:00:00
u1381,B,66.42,10,2024-01-03 22:00:00
u1382,B,0.0,0,2024-01-05 21:00:00
u1383,B,0.0,0,2024-01-01 08:00:00
u1384,B,20.97,3,2024-01-04 13:00:00
u1385,B,0.0,0,2024-01-01 22:00:00
u1386,B,86.19,1,2024-01-04 00:00:00
u1387,B,0.0,0,2024-01-02 02:00:00
u1388,B,46.57,1,2024-01-04 20:00:00
u1389,B,0.0,0,2024-01-04 08:00:00
u1390,B,0.0,0,2024-01-04 11:00:00
u1391,B,0.0,0,2024-01-02 18:00:00
u1392,B,0.0,0,2024-01-01 06:00:00
u1393,B,0.0,0,2024-01-04 19:00:00
u1394,B,0.0,0,2024-01-04 10:00:00
u1395,B,0.0,0,2024-01-04 11:00:00
u1396,B,0.0,0,2024-01-02 19:00:00
u1397,B,0.0,0,2024-01-07 22:00:00
u1398,B,81.47,10,2024-01-02 15:00:00
u1399,B,0.0,0,2024-01-06 14:00:00
u1400,B,0.0,0,2024-01-02 00:00:00
u1401,B,0.0,0,2024-01-03 10:00:00
u1402,B,0.0,0,2024-01-06 20:00:00
u1403,B,59.9,7,2024-01-05 06:00:00
u1404,B,0.0,0,2024-01-04 13:00:00
u1405,B,75.7,10,2024-01-05 15:00:00
u1406,B,0.0,0,2024-01-04 13:00:00
u1407,B,74.29,5,2024-01-05 01:00:00
u1408,B,0.0,0,2024-01-03 13:00:00
u1409,B,74.15,1,2024-01-01 07:00:00
u1410,B,0.0,0,2024-01-05 16:00:00
u1411,B,0.0,0,2024-01-07 01:00:00
u1412,B,0.0,0,2024-01-03 11:00:00
u1413,B,0.0,0,2024-01-03 11:00:00
u1414,B,88.87,8,2024-01-05 09:00:00
u1415,B,0.0,0,2024-01-01 01:00:00
u1416,B,0.0,0,2024-01-04 18:00:00
u1417,B,77.46,8,2024-01-01 13:00:00
u1418,B,0.0,0,2024-01-02 23:00:00
u1419,B,53.82,8,2024-01-05 06:00:00
u1420,B,68.1,6,2024-01-03 07:00:00
u1421,B,0.0,0,2024-01-01 11:00:00
u1422,B,42.92,6,2024-01-03 06:00:00
u1423,B,0.0,0,2024-01-07 11:00:00
u1424,B,0.0,0,2024-01-05 13:00:00
u1425,B,0.0,0,2024-01-01 03:00:00
u1426,B,0.0,0,2024-01-02 11:00:00
u1427,B,48.86,10,2024-01-06 10:00:00
u1428,B,60.65,6,2024-01-01 00:00:00
u1429,B,0.0,0,2024-01-01 16:00:00
u1430,B,0.0,0,2024-01-03 13:00:00
u1431,B,66.21,7,2024-01-02 23:00:00
u1432,B,0.0,0,2024-01-03 13:00:00
u1433,B,0.0,0,2024-01-03 20:00:00
u1434,B,0.0,0,2024-01-07 02:00:00
u1435,B,32.72,1,2024-01-05 06:00:00
u1436,B,0.0,0,2024-01-05 13:00:00
u1437,B,70.02,9,2024-01-07 17:00:00
u1438,B,40.35,10,2024-01-04 18:00:00
u1439,B,0.0,0,2024-01-05 17:00:00
u1440,B,0.0,0,2024-01-04 16:00:00
u1441,B,28.57,9,2024-01-07 09:00:00
u1442,B,0.0,0,2024-01-03 07:00:00
u1443,B,14.28,9,2024-01-04 05:00:00
u1444,B,44.35,10,2024-01-01 13:00:00
u1445,B,0.0,0,2024-01-02 00:00:00
u1446,B,51.72,6,2024-01-06 11:00:00
u1447,B,69.22,3,2024-01-02 07:00:00
u1448,B,29.55,6,2024-01-04 09:00:00
u1449,B,0.0,0,2024-01-04 05:00:00
u1450,B,0.0,0,2024-01-05 09:00:00
u1451,B,0.0,0,2024-01-01 19:00:00
u1452,B,58.14,10,2024-01-04 01:00:00
u1453,B,0.0,0,2024-01-01 09:00:00
u1454,B,36.94,9,2024-01-06 02:00:00
u1455,B,0.0,0,2024-01-02 09:00:00
u1456,B,0.0,0,2024-01-07 10:00:00
u1457,B,0.0,0,2024-01-02 15:00:00
u1458,B,66.49,2,2024-01-06 06:00:00
u1459,B,0.0,0,2024-01-02 08:00:00
u1460,B,0.0,0,2024-01-03 22:00:00
u1461,B,0.0,0,2024-01-06 16:00:00
u1462,B,59.45,8,2024-01-06 23:00:00
u1463,B,0.0,0,2024-01-06 12:00:00
u1464,B,0.0,0,2024-01-05 01:00:00
u1465,B,90.72,4,2024-01-06 03:00:00
u1466,B,71.95,2,2024-01-07 06:00:00
u1467,B,45.77,10,2024-01-02 18:00:00
u1468,B,0.0,0,2024-01-05 17:00:00
u1469,B,0.0,0,2024-01-04 16:00:00
u1470,B,41.22,10,2024-01-01 12:00:00
u1471,B,0.0,0,2024-01-06 07:00:00
u1472,B,55.88,1,2024-01-07 07:00:00
u1473,B,0.0,0,2024-01-06 18:00:00
u1474,B,0.0,0,2024-01-03 03:00:00
u1475,B,0.0,0,2024-01-01 16:00:00
u1476,B,0.0,0,2024-01-07 20:00:00
u1477,B,0.0,0,2024-01-01 12:00:00
u1478,B,0.0,0,2024-01-04 11:00:00
u1479,B,74.64,4,2024-01-05 00:00:00
u1480,B,0.0,0,2024-01-05 09:00:00
u1481,B,76.01,5,2024-01-04 23:00:00
u1482,B,101.2,8,2024-01-01 07:00:00
u1483,B,0.0,0,2024-01-03 07:00:00
u1484,B,0.0,0,2024-01-05 07:00:00
u1485,B,66.86,4,2024-01-04 10:00:00
u1486,B,0.0,0,2024-01-02 19:00:00
u1487,B,44.41,1,2024-01-05 06:00:00
u1488,B,46.96,1,2024-01-05 15:00:00
u1489,B,53.82,8,2024-01-07 04:00:00
u1490,B,0.0,0,2024-01-02 17:00:00
u1491,B,0.0,0,2024-01-07 12:00:00
u1492,B,0.0,0,2024-01-07 00:00:00
u1493,B,0.0,0,2024-01-02 05:00:00
u1494,B,77.31,8,2024-01-02 01:00:00
u1495,B,0.0,0,2024-01-06 04:00:00
u1496,B,0.0,0,2024-01-01 18:00:00
u1497,B,30.79,10,2024-01-03 04:00:00
u1498,B,0.0,0,2024-01-04 12:00:00
u1499,B,0.0,0,2024-01-01 16:00:00
u1500,B,0.0,0,2024-01-05 07:00:00
u1501,B,114.22,1,2024-01-05 08:00:00
u1502,B,0.0,0,2024-01-05 07:00:00
u1503,B,42.45,3,2024-01-07 02:00:00
u1504,B,0.0,0,2024-01-06 03:00:00
u1505,B,55.6,1,2024-01-04 08:00:00
u1506,B,57.45,10,2024-01-02 12:00:00
u1507,B,0.0,0,2024-01-06 00:00:00
u1508,B,0.0,0,2024-01-03 21:00:00
u1509,B,0.0,0,2024-01-07 09:00:00
u1510,B,52.25,3,2024-01-06 09:00:00
u1511,B,0.0,0,2024-01-03 10:00:00
u1512,B,0.0,0,2024-01-05 21:00:00
u1513,B,0.0,0,2024-01-06 12:00:00
u1514,B,0.0,0,2024-01-02 12:00:00
u1515,B,0.0,0,2024-01-02 06:00:00
u1516,B,0.0,0,2024-01-05 02:00:00
u1517,B,0.0,0,2024-01-04 21:00:00
u1518,B,41.03,1,2024-01-01 05:00:00
u1519,B,81.23,8,2024-01-01 14:00:00
u1520,B,0.0,0,2024-01-06 22:00:00
u1521,B,95.06,10,2024-01-01 15:00:00
u1522,B,52.7,2,2024-01-01 19:00:00
u1523,B,43.19,1,2024-01-04 04:00:00
u1524,B,0.0,0,2024-01-02 19:00:00
u1525,B,0.0,0,2024-01-02 21:00:00
u1526,B,0.0,0,2024-01-04 22:00:00
u1527,B,50.44,4,2024-01-07 17:00:00
u1528,B,0.0,0,2024-01-03 15:00:00
u1529,B,0.0,0,2024-01-07 12:00:00
u1530,B,0.0,0,2024-01-06 10:00:00
u1531,B,0.0,0,2024-01-01 08:00:00
u1532,B,0.0,0,2024-01-07 08:00:00
u1533,B,0.0,0,2024-01-02 17:00:00
u1534,B,0.0,0,2024-01-04 00:00:00
u1535,B,0.0,0,2024-01-04 11:00:00
u1536,B,56.31,3,2024-01-03 10:00:00
u1537,B,71.85,4,2024-01-01 20:00:00
u1538,B,61.99,8,2024-01-07 05:00:00
u1539,B,52.19,4,2024-01-07 12:00:00
u1540,B,0.0,0,2024-01-03 14:00:00
u1541,B,0.0,0,2024-01-04 00:00:00
u1542,B,47.78,6,2024-01-03 12:00:00
u1543,B,0.0,0,2024-01-03 15:00:00
u1544,B,0.0,0,2024-01-03 20:00:00
u1545,B,0.0,0,2024-01-07 23:00:00
u1546,B,0.0,0,2024-01-06 08:00:00
u1547,B,0.0,0,2024-01-05 09:00:00
u1548,B,0.0,0,2024-01-03 16:00:00
u1549,B,0.0,0,2024-01-06 01:00:00
u1550,B,69.52,5,2024-01-03 13:00:00
u1551,B,0.0,0,2024-01-05 06:00:00
u1552,B,0.0,0,2024-01-03 11:00:00
u1553,B,0.0,0,2024-01-02 21:00:00
u1554,B,45.25,7,2024-01-01 04:00:00
u1555,B,0.0,0,2024-01-05 16:00:00
u1556,B,0.0,0,2024-01-07 05:00:00
u1557,B,0.0,0,2024-01-03 21:00:00
u1558,B,0.0,0,2024-01-07 15:00:00
u1559,B,52.29,10,2024-01-01 10:00:00
u1560,B,18.57,6,2024-01-06 17:00:00
u1561,B,0.0,0,2024-01-07 22:00:00
u1562,B,0.0,0,2024-01-05 01:00:00
u1563,B,42.91,2,2024-01-02 06:00:00
u1564,B,0.0,0,2024-01-01 11:00:00
u1565,B,0.0,0,2024-01-05 11:00:00
u1566,B,0.0,0,2024-01-04 07:00:00
u1567,B,70.96,10,2024-01-07 21:00:00
u1568,B,0.0,0,2024-01-03 18:00:00
u1569,B,0.0,0,2024-01-03 03:00:00
u1570,B,57.68,4,2024-01-06 12:00:00
u1571,B,0.0,0,2024-01-06 18:00:00
u1572,B,0.0,0,2024-01-02 00:00:00
u1573,B,81.7,9,2024-01-02 10:00:00
u1574,B,0.0,0,2024-01-07 18:00:00
u1575,B,0.0,0,2024-01-01 21:00:00
u1576,B,0.0,0,2024-01-07 20:00:00
u1577,B,0.0,0,2024-01-04 23:00:00
u1578,B,0.0,0,2024-01-05 20:00:00
u1579,B,0.0,0,2024-01-01 19:00:00
u1580,B,0.0,0,2024-01-05 09:00:00
u1581,B,83.74,3,2024-01-01 03:00:00
u1582,B,0.0,0,2024-01-01 17:00:00
u1583,B,0.0,0,2024-01-03 02:00:00
u1584,B,0.0,0,2024-01-01 19:00:00
u1585,B,66.29,1,2024-01-06 01:00:00
u1586,B,0.0,0,2024-01-06 16:00:00
u1587,B,0.0,0,2024-01-04 07:00:00
u1588,B,0.0,0,2024-01-07 09:00:00
u1589,B,0.0,0,2024-01-05 05:00:00
u1590,B,0.0,0,2024-01-02 00:00:00
u1591,B,18.69,5,2024-01-03 10:00:00
u1592,B,0.0,0,2024-01-02 20:00:00
u1593,B,0.0,0,2024-01-02 16:00:00
u1594,B,0.0,0,2024-01-02 13:00:00
u1595,B,63.16,9,2024-01-05 20:00:00
u1596,B,0.0,0,2024-01-01 18:00:00
u1597,B,0.0,0,2024-01-01 13:00:00
u1598,B,0.0,0,2024-01-06 06:00:00
u1599,B,0.0,0,2024-01-07 04:00:00
u1600,B,0.0,0,2024-01-06 22:00:00
u1601,B,0.0,0,2024-01-01 02:00:00
u1602,B,0.0,0,2024-01-02 12:00:00
u1603,B,0.0,0,2024-01-05 20:00:00
u1604,B,0.0,0,2024-01-01 15:00:00
u1605,B,0.0,0,2024-01-06 21:00:00
u1606,B,0.0,0,2024-01-01 08:00:00
u1607,B,76.27,1,2024-01-01 06:00:00
u1608,B,43.12,3,2024-01-06 21:00:00
u1609,B,25.13,6,2024-01-06 13:00:00
u1610,B,63.14,5,2024-01-01 14:00:00
u1611,B,0.0,0,2024-01-03 23:00:00
u1612,B,89.79,9,2024-01-07 17:00:00
u1613,B,0.0,0,2024-01-05 07:00:00
u1614,B,0.0,0,2024-01-06 08:00:00
u1615,B,0.0,0,2024-01-04 23:00:00
u1616,B,0.0,0,2024-01-06 01:00:00
u1617,B,34.18,8,2024-01-05 18:00:00
u1618,B,0.0,0,2024-01-07 03:00:00
u1619,B,0.0,0,2024-01-04 07:00:00
u1620,B,71.28,5,2024-01-01 06:00:00
u1621,B,0.0,0,2024-01-06 14:00:00
u1622,B,0.0,0,2024-01-03 01:00:00
u1623,B,37.71,3,2024-01-06 09:00:00
u1624,B,0.0,0,2024-01-02 22:00:00
u1625,B,0.0,0,2024-01-01 13:00:00
u1626,B,0.0,0,2024-01-02 06:00:00
u1627,B,0.0,0,2024-01-03 01:00:00
u1628,B,122.35,2,2024-01-02 16:00:00
u1629,B,0.0,0,2024-01-01 13:00:00
u1630,B,0.0,0,2024-01-06 12:00:00
u1631,B,0.0,0,2024-01-01 04:00:00
u1632,B,0.0,0,2024-01-07 12:00:00
u1633,B,63.21,1,2024-01-01 04:00:00
u1634,B,0.0,0,2024-01-05 16:00:00
u1635,B,0.0,0,2024-01-05 21:00:00
u1636,B,0.0,0,2024-01-04 23:00:00
u1637,B,64.9,4,2024-01-02 11:00:00
u1638,B,74.54,4,2024-01-04 06:00:00
u1639,B,0.0,0,2024-01-01 18:00:00
u1640,B,0.0,0,2024-01-01 21:00:00
u1641,B,0.0,0,2024-01-07 17:00:00
u1642,B,65.55,2,2024-01-03 07:00:00
u1643,B,0.0,0,2024-01-01 16:00:00
u1644,B,40.06,2,2024-01-01 16:00:00
u1645,B,0.0,0,2024-01-07 01:00:00
u1646,B,51.13,10,2024-01-04 05:00:00
u1647,B,0.0,0,2024-01-03 07:00:00
u1648,B,0.0,0,2024-01-04 07:00:00
u1649,B,0.0,0,2024-01-03 01:00:00
u1650,B,0.0,0,2024-01-03 09:00:00
u1651,B,57.65,5,2024-01-01 17:00:00
u1652,B,60.3,1,2024-01-06 14:00:00
u1653,B,21.65,7,2024-01-04 03:00:00
u1654,B,0.0,0,2024-01-01 09:00:00
u1655,B,0.0,0,2024-01-03 20:00:00
u1656,B,45.26,2,2024-01-04 12:00:00
u1657,B,0.0,0,2024-01-06 10:00:00
u1658,B,0.0,0,2024-01-04 10:00:00
u1659,B,0.0,0,2024-01-05 12:00:00
u1660,B,0.0,0,2024-01-02 19:00:00
u1661,B,0.0,0,2024-01-06 21:00:00
u1662,B,0.0,0,2024-01-06 11:00:00
u1663,B,0.0,0,2024-01-01 17:00:00
u1664,B,109.05,2,2024-01-04 20:00:00
u1665,B,0.0,0,2024-01-02 13:00:00
u1666,B,0.0,0,2024-01-07 03:00:00
u1667,B,0.0,0,2024-01-03 02:00:00
u1668,B,87.19,4,2024-01-01 18:00:00
u1669,B,0.0,0,2024-01-05 23:00:00
u1670,B,0.0,0,2024-01-03 19:00:00
u1671,B,0.0,0,2024-01-03 17:00:00
u1672,B,0.0,0,2024-01-06 20:00:00
u1673,B,0.0,0,2024-01-07 13:00:00
u1674,B,43.31,4,2024-01-05 01:00:00
u1675,B,25.65,6,2024-01-07 13:00:00
u1676,B,0.0,0,2024-01-04 15:00:00
u1677,B,0.0,0,2024-01-02 08:00:00
u1678,B,55.48,3,2024-01-05 08:00:00
u1679,B,0.0,0,2024-01-04 01:00:00
u1680,B,45.92,6,2024-01-04 09:00:00
u1681,B,0.0,0,2024-01-01 18:00:00
u1682,B,58.66,10,2024-01-03 22:00:00
u1683,B,58.35,2,2024-01-03 08:00:00
u1684,B,75.4,10,2024-01-07 02:00:00
u1685,B,44.5,6,2024-01-04 06:00:00
u1686,B,0.0,0,2024-01-02 17:00:00
u1687,B,99.34,2,2024-01-05 19:00:00
u1688,B,0.0,0,2024-01-01 03:00:00
u1689,B,0.0,0,2024-01-01 03:00:00
u1690,B,38.87,10,2024-01-01 04:00:00
u1691,B,81.5,1,2024-01-02 16:00:00
u1692,B,80.95,5,2024-01-05 11:00:00
u1693,B,0.0,0,2024-01-04 14:00:00
u1694,B,59.69,2,2024-01-05 07:00:00
u1695,B,0.92,5,2024-01-05 20:00:00
u1696,B,0.0,0,2024-01-05 04:00:00
u1697,B,0.0,0,2024-01-04 02:00:00
u1698,B,0.0,0,2024-01-04 02:00:00
u1699,B,0.0,0,2024-01-01 12:00:00
u1700,B,51.62,3,2024-01-06 21:00:00
u1701,B,0.0,0,2024-01-02 00:00:00
u1702,B,38.82,5,2024-01-05 18:00:00
u1703,B,45.69,4,2024-01-04 09:00:00
u1704,B,0.0,0,2024-01-01 09:00:00
u1705,B,46.78,5,2024-01-03 01:00:00
u1706,B,0.0,0,2024-01-06 21:00:00
u1707,B,50.87,9,2024-01-01 14:00:00
u1708,B,0.0,0,2024-01-01 15:00:00
u1709,B,69.12,10,2024-01-01 01:00:00
u1710,B,0.0,0,2024-01-07 13:00:00
u1711,B,0.0,0,2024-01-02 05:00:00
u1712,B,88.73,9,2024-01-04 09:00:00
u1713,B,0.0,0,2024-01-02 06:00:00
u1714,B,0.0,0,2024-01-04 04:00:00
u1715,B,0.0,0,2024-01-07 03:00:00
u1716,B,44.88,4,2024-01-05 17:00:00
u1717,B,0.0,0,2024-01-02 10:00:00
u1718,B,0.0,0,2024-01-01 22:00:00
u1719,B,0.0,0,2024-01-05 09:00:00
u1720,B,0.0,0,2024-01-05 00:00:00
u1721,B,0.0,0,2024-01-05 18:00:00
u1722,B,0.0,0,2024-01-05 03:00:00
u1723,B,0.0,0,2024-01-03 06:00:00
u1724,B,0.0,0,2024-01-01 07:00:00
u1725,B,0.0,0,2024-01-07 23:00:00
u1726,B,57.65,9,2024-01-03 10:00:00
u1727,B,0.0,0,2024-01-06 07:00:00
u1728,B,0.0,0,2024-01-02 07:00:00
u1729,B,69.49,10,2024-01-04 20:00:00
u1730,B,0.0,0,2024-01-01 06:00:00
u1731,B,83.57,6,2024-01-01 01:00:00
u1732,B,0.0,0,2024-01-04 12:00:00
u1733,B,0.0,0,2024-01-06 13:00:00
u1734,B,0.0,0,2024-01-05 09:00:00
u1735,B,118.86,10,2024-01-02 11:00:00
u1736,B,74.49,9,2024-01-07 15:00:00
u1737,B,0.0,0,2024-01-02 20:00:00
u1738,B,0.0,0,2024-01-02 17:00:00
u1739,B,64.84,9,2024-01-03 04:00:00
u1740,B,0.0,0,2024-01-05 13:00:00
u1741,B,0.0,0,2024-01-01 08:00:00
u1742,B,25.24,9,2024-01-04 14:00:00
u1743,B,60.36,3,2024-01-05 17:00:00
u1744,B,0.0,0,2024-01-04 02:00:00
u1745,B,48.01,5,2024-01-06 09:00:00
u1746,B,68.24,6,2024-01-01 10:00:00
u1747,B,0.0,0,2024-01-03 01:00:00
u1748,B,0.0,0,2024-01-07 18:00:00
u1749,B,0.0,0,2024-01-06 01:00:00
u1750,B,39.64,2,2024-01-06 22:00:00
u1751,B,43.56,6,2024-01-04 02:00:00
u1752,B,0.0,0,2024-01-02 06:00:00
u1753,B,41.99,8,2024-01-04 19:00:00
u1754,B,0.0,0,2024-01-07 11:00:00
u1755,B,0.0,0,2024-01-07 08:00:00
u1756,B,0.0,0,2024-01-04 19:00:00
u1757,B,0.0,0,2024-01-07 08:00:00
u1758,B,83.58,9,2024-01-04 02:00:00
u1759,B,0.0,0,2024-01-04 19:00:00
u1760,B,77.28,7,2024-01-06 08:00:00
u1761,B,0.0,0,2024-01-02 17:00:00
u1762,B,0.0,0,2024-01-05 13:00:00
u1763,B,36.16,10,2024-01-07 17:00:00
u1764,B,0.0,0,2024-01-01 17:00:00
u1765,B,0.0,0,2024-01-04 04:00:00
u1766,B,0.0,0,2024-01-06 12:00:00
u1767,B,81.19,2,2024-01-01 19:00:00
u1768,B,0.0,0,2024-01-06 06:00:00
u1769,B,0.0,0,2024-01-04 02:00:00
u1770,B,0.0,0,2024-01-03 13:00:00
u1771,B,0.0,0,2024-01-02 07:00:00
u1772,B,50.61,2,2024-01-07 21:00:00
u1773,B,0.0,0,2024-01-02 03:00:00
u1774,B,0.0,0,2024-01-04 01:00:00
u1775,B,0.0,0,2024-01-04 08:00:00
u1776,B,0.0,0,2024-01-01 21:00:00
u1777,B,52.13,10,2024-01-07 19:00:00
u1778,B,0.0,0,2024-01-04 23:00:00
u1779,B,69.41,2,2024-01-06 01:00:00
u1780,B,0.0,0,2024-01-06 02:00:00
u1781,B,0.0,0,2024-01-03 03:00:00
u1782,B,72.18,8,2024-01-07 19:00:00
u1783,B,0.0,0,2024-01-07 11:00:00
u1784,B,67.94,3,2024-01-04 05:00:00
u1785,B,78.63,3,2024-01-07 19:00:00
u1786,B,0.0,0,2024-01-03 21:00:00
u1787,B,0.0,0,2024-01-06 16:00:00
u1788,B,44.08,4,2024-01-01 20:00:00
u1789,B,0.0,0,2024-01-03 15:00:00
u1790,B,0.0,0,2024-01-04 03:00:00
u1791,B,0.0,0,2024-01-03 12:00:00
u1792,B,0.0,0,2024-01-04 22:00:00
u1793,B,68.78,5,2024-01-02 15:00:00
u1794,B,0.0,0,2024-01-01 03:00:00
u1795,B,0.0,0,2024-01-02 06:00:00
u1796,B,0.0,0,2024-01-07 10:00:00
u1797,B,0.0,0,2024-01-07 08:00:00
u1798,B,0.0,0,2024-01-03 20:00:00
u1799,B,60.88,4,2024-01-03 21:00:00
u1800,B,0.0,0,2024-01-01 04:00:00
u1801,B,87.77,6,2024-01-05 18:00:00
u1802,B,62.85,5,2024-01-04 18:00:00
u1803,B,0.0,0,2024-01-01 07:00:00
u1804,B,0.0,0,2024-01-01 08:00:00
u1805,B,0.0,0,2024-01-01 14:00:00
u1806,B,0.0,0,2024-01-05 08:00:00
u1807,B,57.8,4,2024-01-01 06:00:00
u1808,B,56.32,9,2024-01-03 23:00:00
u1809,B,0.0,0,2024-01-05 18:00:00
u1810,B,0.0,0,2024-01-01 14:00:00
u1811,B,52.49,10,2024-01-07 20:00:00
u1812,B,73.99,7,2024-01-04 10:00:00
u1813,B,0.0,0,2024-01-02 14:00:00
u1814,B,0.0,0,2024-01-06 13:00:00
u1815,B,0.0,0,2024-01-03 08:00:00
u1816,B,61.95,3,2024-01-04 19:00:00
u1817,B,0.0,0,2024-01-04 08:00:00
u1818,B,0.0,0,2024-01-07 02:00:00
u1819,B,0.0,0,2024-01-06 06:00:00
u1820,B,0.0,0,2024-01-07 14:00:00
u1821,B,0.0,0,2024-01-04 02:00:00
u1822,B,41.77,6,2024-01-04 06:00:00
u1823,B,0.0,0,2024-01-01 09:00:00
u1824,B,0.0,0,2024-01-05 10:00:00
u1825,B,0.0,0,2024-01-04 14:00:00
u1826,B,0.0,0,2024-01-03 18:00:00
u1827,B,0.0,0,2024-01-03 13:00:00
u1828,B,0.0,0,2024-01-06 10:00:00
u1829,B,0.0,0,2024-01-07 01:00:00
u1830,B,0.0,0,2024-01-07 08:00:00
u1831,B,0.0,0,2024-01-05 10:00:00
u1832,B,0.0,0,2024-01-07 03:00:00
u1833,B,64.05,4,2024-01-04 20:00:00
u1834,B,28.86,3,2024-01-04 13:00:00
u1835,B,0.0,0,2024-01-06 00:00:00
u1836,B,0.0,0,2024-01-04 06:00:00
u1837,B,69.23,1,2024-01-01 09:00:00
u1838,B,0.0,0,2024-01-07 04:00:00
u1839,B,50.98,3,2024-01-02 04:00:00
u1840,B,65.88,6,2024-01-04 23:00:00
u1841,B,0.0,0,2024-01-01 09:00:00
u1842,B,0.0,0,2024-01-01 12:00:00
u1843,B,29.72,7,2024-01-02 22:00:00
u1844,B,0.0,0,2024-01-07 06:00:00
u1845,B,0.0,0,2024-01-03 01:00:00
u1846,B,0.0,0,2024-01-06 11:00:00
u1847,B,0.0,0,2024-01-05 19:00:00
u1848,B,75.76,6,2024-01-05 16:00:00
u1849,B,24.39,8,2024-01-04 12:00:00
u1850,B,90.05,9,2024-01-03 04:00:00
u1851,B,0.0,0,2024-01-06 09:00:00
u1852,B,0.0,0,2024-01-03 19:00:00
u1853,B,0.0,0,2024-01-04 06:00:00
u1854,B,0.0,0,2024-01-03 08:00:00
u1855,B,0.0,0,2024-01-05 00:00:00
u1856,B,69.51,9,2024-01-06 14:00:00
u1857,B,38.73,3,2024-01-07 02:00:00
u1858,B,0.0,0,2024-01-03 14:00:00
u1859,B,0.0,0,2024-01-03 16:00:00
u1860,B,0.0,0,2024-01-02 14:00:00
u1861,B,0.0,0,2024-01-05 12:00:00
u1862,B,75.19,8,2024-01-02 01:00:00
u1863,B,0.0,0,2024-01-01 11:00:00
u1864,B,33.04,9,2024-01-07 05:00:00
u1865,B,0.0,0,2024-01-04 04:00:00
u1866,B,0.0,0,2024-01-06 21:00:00
u1867,B,36.38,7,2024-01-04 13:00:00
u1868,B,0.0,0,2024-01-02 05:00:00
u1869,B,0.0,0,2024-01-07 21:00:00
u1870,B,0.0,0,2024-01-03 03:00:00
u1871,B,0.0,0,2024-01-03 14:00:00
u1872,B,52.66,6,2024-01-05 23:00:00
u1873,B,0.0,0,2024-01-05 08:00:00
u1874,B,72.43,1,2024-01-07 17:00:00
u1875,B,0.0,0,2024-01-02 14:00:00
u1876,B,0.0,0,2024-01-02 16:00:00
u1877,B,35.27,6,2024-01-06 00:00:00
u1878,B,0.0,0,2024-01-05 11:00:00
u1879,B,0.0,0,2024-01-07 20:00:00
u1880,B,0.0,0,2024-01-03 16:00:00
u1881,B,0.0,0,2024-01-05 21:00:00
u1882,B,0.0,0,2024-01-04 06:00:00
u1883,B,0.0,0,2024-01-07 15:00:00
u1884,B,0.0,0,2024-01-01 07:00:00
u1885,B,0.0,0,2024-01-05 00:00:00
u1886,B,65.91,7,2024-01-01 17:00:00
u1887,B,0.0,0,2024-01-04 23:00:00
u1888,B,53.76,9,2024-01-02 08:00:00
u1889,B,0.0,0,2024-01-01 04:00:00
u1890,B,0.0,0,2024-01-06 06:00:00
u1891,B,84.58,7,2024-01-04 01:00:00
u1892,B,0.0,0,2024-01-06 05:00:00
u1893,B,65.01,9,2024-01-07 19:00:00
u1894,B,0.0,0,2024-01-07 06:00:00
u1895,B,0.0,0,2024-01-07 23:00:00
u1896,B,0.0,0,2024-01-01 04:00:00
u1897,B,0.0,0,2024-01-02 09:00:00
u1898,B,60.04,4,2024-01-01 23:00:00
u1899,B,0.0,0,2024-01-07 00:00:00
u1900,B,49.99,3,2024-01-04 22:00:00
u1901,B,49.68,9,2024-01-03 22:00:00
u1902,B,0.0,0,2024-01-04 19:00:00
u1903,B,0.0,0,2024-01-06 04:00:00
u1904,B,56.41,7,2024-01-01 21:00:00
u1905,B,94.51,10,2024-01-01 14:00:00
u1906,B,0.0,0,2024-01-05 04:00:00
u1907,B,0.0,0,2024-01-01 14:00:00
u1908,B,0.0,0,2024-01-07 08:00:00
u1909,B,46.65,5,2024-01-03 04:00:00
u1910,B,0.0,0,2024-01-07 04:00:00
u1911,B,64.11,3,2024-01-05 05:00:00
u1912,B,0.0,0,2024-01-05 16:00:00
u1913,B,0.0,0,2024-01-02 07:00:00
u1914,B,0.0,0,2024-01-01 20:00:00
u1915,B,0.0,0,2024-01-04 10:00:00
u1916,B,0.0,0,2024-01-01 13:00:00
u1917,B,0.0,0,2024-01-01 14:00:00
u1918,B,0.0,0,2024-01-07 03:00:00
u1919,B,0.0,0,2024-01-02 09:00:00
u1920,B,0.0,0,2024-01-07 19:00:00
u1921,B,95.66,7,2024-01-04 10:00:00
u1922,B,0.0,0,2024-01-01 08:00:00
u1923,B,0.0,0,2024-01-07 13:00:00
u1924,B,0.0,0,2024-01-04 04:00:00
u1925,B,79.71,4,2024-01-07 18:00:00
u1926,B,0.0,0,2024-01-06 20:00:00
u1927,B,63.53,9,2024-01-01 08:00:00
u1928,B,69.02,10,2024-01-02 11:00:00
u1929,B,0.0,0,2024-01-05 20:00:00
u1930,B,0.0,0,2024-01-01 02:00:00
u1931,B,80.32,9,2024-01-01 18:00:00
u1932,B,0.0,0,2024-01-07 11:00:00
u1933,B,0.0,0,2024-01-01 22:00:00
u1934,B,19.01,4,2024-01-05 07:00:00
u1935,B,0.0,0,2024-01-06 14:00:00
u1936,B,72.33,5,2024-01-05 08:00:00
u1937,B,0.0,0,2024-01-06 21:00:00
u1938,B,51.19,9,2024-01-02 21:00:00
u1939,B,0.0,0,2024-01-06 22:00:00
u1940,B,0.0,0,2024-01-01 14:00:00
u1941,B,0.0,0,2024-01-03 02:00:00
u1942,B,17.6,4,2024-01-05 13:00:00
u1943,B,0.0,0,2024-01-01 07:00:00
u1944,B,0.0,0,2024-01-03 20:00:00
u1945,B,0.0,0,2024-01-03 14:00:00
u1946,B,0.0,0,2024-01-03 19:00:00
u1947,B,0.0,0,2024-01-06 23:00:00
u1948,B,0.0,0,2024-01-07 07:00:00
u1949,B,0.0,0,2024-01-01 05:00:00
u1950,B,0.0,0,2024-01-05 22:00:00
u1951,B,0.0,0,2024-01-03 08:00:00
u1952,B,0.0,0,2024-01-02 06:00:00
u1953,B,74.8,7,2024-01-01 05:00:00
u1954,B,0.0,0,2024-01-07 12:00:00
u1955,B,0.0,0,2024-01-03 18:00:00
u1956,B,0.0,0,2024-01-06 10:00:00
u1957,B,29.49,1,2024-01-07 11:00:00
u1958,B,36.92,2,2024-01-04 01:00:00
u1959,B,77.1,1,2024-01-05 17:00:00
u1960,B,0.0,0,2024-01-05 00:00:00
u1961,B,0.0,0,2024-01-04 07:00:00
u1962,B,0.0,0,2024-01-06 02:00:00
u1963,B,0.0,0,2024-01-06 17:00:00
u1964,B,0.0,0,2024-01-02 08:00:00
u1965,B,29.35,7,2024-01-06 19:00:00
u1966,B,37.43,3,2024-01-02 19:00:00
u1967,B,79.45,8,2024-01-01 12:00:00
u1968,B,0.0,0,2024-01-07 07:00:00
u1969,B,67.26,2,2024-01-03 08:00:00
u1970,B,0.0,0,2024-01-04 23:00:00
u1971,B,0.0,0,2024-01-06 23:00:00
u1972,B,35.5,7,2024-01-05 12:00:00
u1973,B,0.0,0,2024-01-05 23:00:00
u1974,B,0.0,0,2024-01-05 03:00:00
u1975,B,0.0,0,2024-01-07 04:00:00
u1976,B,60.6,4,2024-01-05 14:00:00
u1977,B,47.2,5,2024-01-03 02:00:00
u1978,B,0.0,0,2024-01-01 20:00:00
u1979,B,45.3,1,2024-01-03 11:00:00
u1980,B,0.0,0,2024-01-01 20:00:00
u1981,B,0.0,0,2024-01-05 10:00:00
u1982,B,59.38,1,2024-01-06 05:00:00
u1983,B,48.76,10,2024-01-06 13:00:00
u1984,B,31.42,1,2024-01-04 00:00:00
u1985,B,0.0,0,2024-01-04 03:00:00
u1986,B,73.34,7,2024-01-04 05:00:00
u1987,B,0.0,0,2024-01-06 13:00:00
u1988,B,87.29,2,2024-01-03 16:00:00
u1989,B,0.0,0,2024-01-04 13:00:00
u1990,B,43.54,8,2024-01-02 09:00:00
u1991,B,0.0,0,2024-01-03 07:00:00
u1992,B,0.0,0,2024-01-04 02:00:00
u1993,B,0.0,0,2024-01-01 02:00:00
u1994,B,0.0,0,2024-01-01 05:00:00
u1995,B,0.0,0,2024-01-01 05:00:00
u1996,B,72.16,4,2024-01-07 03:00:00
u1997,B,0.0,0,2024-01-07 04:00:00
u1998,B,0.0,0,2024-01-01 01:00:00
u1999,B,0.0,0,2024-01-04 17:00:00
u2000,B,0.0,0,2024-01-03 07:00:00
