user_id,variant,clicks,impressions,exposed,timestamp
u0001,A,6,156,1,2024-01-05 19:00:00
u0002,A,5,158,1,2024-01-04 02:00:00
u0003,A,3,121,1,2024-01-06 22:00:00
u0004,A,7,152,1,2024-01-07 18:00:00
u0005,A,7,190,1,2024-01-01 22:00:00
u0006,A,5,114,1,2024-01-02 20:00:00
u0007,A,12,183,1,2024-01-04 19:00:00
u0008,A,7,161,1,2024-01-01 12:00:00
u0009,A,7,128,1,2024-01-02 09:00:00
u0010,A,9,175,1,2024-01-07 21:00:00
u0011,A,10,170,1,2024-01-03 21:00:00
u0012,A,0,1,0,2024-01-05 11:00:00
u0013,A,8,97,1,2024-01-06 12:00:00
u0014,A,8,137,1,2024-01-06 05:00:00
u0015,A,4,117,1,2024-01-07 23:00:00
u0016,A,4,150,1,2024-01-01 20:00:00
u0017,A,1,66,1,2024-01-07 11:00:00
u0018,A,6,87,1,2024-01-06 10:00:00
u0019,A,10,187,1,2024-01-01 22:00:00
u0020,A,4,103,1,2024-01-01 18:00:00
u0021,A,0,1,0,2024-01-03 01:00:00
u0022,A,12,183,1,2024-01-01 19:00:00
u0023,A,8,101,1,2024-01-05 19:00:00
u0024,A,0,0,0,2024-01-04 19:00:00
u0025,A,6,117,1,2024-01-04 20:00:00
u0026,A,11,161,1,2024-01-04 10:00:00
u0027,A,9,153,1,2024-01-03 04:00:00
u0028,A,2,56,1,2024-01-06 02:00:00
u0029,A,2,100,1,2024-01-04 12:00:00
u0030,A,7,107,1,2024-01-04 09:00:00
u0031,A,5,158,1,2024-01-01 08:00:00
u0032,A,3,160,1,2024-01-01 03:00:00
u0033,A,6,80,1,2024-01-02 00:00:00
u0034,A,7,141,1,2024-01-02 09:00:00
u0035,A,11,155,1,2024-01-04 00:00:00
u0036,A,3,62,1,2024-01-06 16:00:00
u0037,A,14,195,1,2024-01-04 09:00:00
u0038,A,7,168,1,2024-01-06 20:00:00
u0039,A,11,190,1,2024-01-06 16:00:00
u0040,A,7,164,1,2024-01-01 03:00:00
u0041,A,0,106,1,2024-01-07 17:00:00
u0042,A,8,175,1,2024-01-01 06:00:00
u0043,A,6,103,1,2024-01-01 14:00:00
u0044,A,6,182,1,2024-01-02 13:00:00
u0045,A,3,68,1,2024-01-04 18:00:00
u0046,A,4,126,1,2024-01-03 03:00:00
u0047,A,3,118,1,2024-01-04 08:00:00
u0048,A,5,93,1,2024-01-05 03:00:00
u0049,A,8,87,1,2024-01-01 06:00:00
u0050,A,0,2,0,2024-01-05 10:00:00
u0051,A,4,71,1,2024-01-02 20:00:00
u0052,A,10,122,1,2024-01-03 10:00:00
u0053,A,0,8,0,2024-01-06 01:00:00
u0054,A,3,54,1,2024-01-01 20:00:00
u0055,A,3,103,1,2024-01-07 11:00:00
u0056,A,7,135,1,2024-01-01 02:00:00
u0057,A,2,52,1,2024-01-06 21:00:00
u0058,A,4,87,1,2024-01-01 01:00:00
u0059,A,12,191,1,2024-01-02 04:00:00
u0060,A,9,191,1,2024-01-07 01:00:00
u0061,A,3,122,1,2024-01-02 12:00:00
u0062,A,7,87,1,2024-01-02 20:00:00
u0063,A,9,174,1,2024-01-07 07:00:00
u0064,A,0,9,0,2024-01-05 23:00:00
u0065,A,6,114,1,2024-01-02 21:00:00
u0066,A,0,5,0,2024-01-06 19:00:00
u0067,A,3,65,1,2024-01-03 04:00:00
u0068,A,3,64,1,2024-01-02 20:00:00
u0069,A,7,180,1,2024-01-02 07:00:00
u0070,A,4,86,1,2024-01-01 17:00:00
u0071,A,0,3,0,2024-01-01 12:00:00
u0072,A,0,0,0,2024-01-06 11:00:00
u0073,A,1,50,1,2024-01-01 22:00:00
u0074,A,6,120,1,2024-01-03 13:00:00
u0075,A,6,152,1,2024-01-03 05:00:00
u0076,A,0,8,0,2024-01-03 20:00:00
u0077,A,3,101,1,2024-01-07 23:00:00
u0078,A,4,167,1,2024-01-01 13:00:00
u0079,A,6,156,1,2024-01-05 01:00:00
u0080,A,4,104,1,2024-01-02 03:00:00
u0081,A,0,6,0,2024-01-04 22:00:00
u0082,A,6,62,1,2024-01-03 22:00:00
u0083,A,7,133,1,2024-01-03 18:00:00
u0084,A,7,139,1,2024-01-07 12:00:00
u0085,A,7,76,1,2024-01-05 03:00:00
u0086,A,11,138,1,2024-01-03 12:00:00
u0087,A,13,186,1,2024-01-05 06:00:00
u0088,A,2,90,1,2024-01-06 16:00:00
u0089,A,0,6,0,2024-01-05 22:00:00
u0090,A,4,61,1,2024-01-01 16:00:00
u0091,A,12,187,1,2024-01-03 00:00:00
u0092,A,3,55,1,2024-01-04 05:00:00
u0093,A,1,90,1,2024-01-02 21:00:00
u0094,A,6,55,1,2024-01-04 20:00:00
u0095,A,0,6,0,2024-01-06 00:00:00
u0096,A,3,64,1,2024-01-01 12:00:00
u0097,A,9,194,1,2024-01-02 20:00:00
u0098,A,3,65,1,2024-01-01 16:00:00
u0099,A,5,134,1,2024-01-02 22:00:00
u0100,A,2,59,1,2024-01-03 13:00:00
u0101,A,16,187,1,2024-01-02 18:00:00
u0102,A,8,187,1,2024-01-03 19:00:00
u0103,A,3,68,1,2024-01-06 03:00:00
u0104,A,8,117,1,2024-01-05 12:00:00
u0105,A,5,91,1,2024-01-02 03:00:00
u0106,A,8,189,1,2024-01-04 21:00:00
u0107,A,10,195,1,2024-01-05 21:00:00
u0108,A,4,133,1,2024-01-07 19:00:00
u0109,A,0,0,0,2024-01-04 18:00:00
u0110,A,6,102,1,2024-01-04 11:00:00
u0111,A,11,147,1,2024-01-02 08:00:00
u0112,A,6,91,1,2024-01-02 00:00:00
u0113,A,0,2,0,2024-01-01 18:00:00
u0114,A,0,3,0,2024-01-05 09:00:00
u0115,A,0,83,1,2024-01-02 08:00:00
u0116,A,7,137,1,2024-01-03 18:00:00
u0117,A,0,3,0,2024-01-06 21:00:00
u0118,A,7,99,1,2024-01-07 16:00:00
u0119,A,3,125,1,2024-01-02 17:00:00
u0120,A,0,7,0,2024-01-04 22:00:00
u0121,A,4,95,1,2024-01-02 22:00:00
u0122,A,6,175,1,2024-01-02 10:00:00
u0123,A,0,9,0,2024-01-05 20:00:00
u0124,A,9,115,1,2024-01-07 15:00:00
u0125,A,3,153,1,2024-01-04 03:00:00
u0126,A,2,54,1,2024-01-06 21:00:00
u0127,A,17,172,1,2024-01-07 01:00:00
u0128,A,10,174,1,2024-01-06 07:00:00
u0129,A,13,161,1,2024-01-03 06:00:00
u0130,A,2,65,1,2024-01-05 01:00:00
u0131,A,0,0,0,2024-01-05 11:00:00
u0132,A,4,140,1,2024-01-03 00:00:00
u0133,A,8,184,1,2024-01-05 16:00:00
u0134,A,11,185,1,2024-01-06 13:00:00
u0135,A,4,121,1,2024-01-03 21:00:00
u0136,A,7,145,1,2024-01-04 13:00:00
u0137,A,0,0,0,2024-01-06 15:00:00
u0138,A,9,131,1,2024-01-06 22:00:00
u0139,A,0,87,1,2024-01-07 09:00:00
u0140,A,3,103,1,2024-01-02 14:00:00
u0141,A,7,125,1,2024-01-06 10:00:00
u0142,A,1,64,1,2024-01-01 09:00:00
u0143,A,8,165,1,2024-01-01 02:00:00
u0144,A,2,58,1,2024-01-02 21:00:00
u0145,A,0,5,0,2024-01-07 05:00:00
u0146,A,9,159,1,2024-01-03 18:00:00
u0147,A,11,196,1,2024-01-05 00:00:00
u0148,A,9,100,1,2024-01-01 18:00:00
u0149,A,9,80,1,2024-01-03 13:00:00
u0150,A,8,151,1,2024-01-05 01:00:00
u0151,A,3,52,1,2024-01-03 08:00:00
u0152,A,8,148,1,2024-01-04 22:00:00
u0153,A,0,4,0,2024-01-05 10:00:00
u0154,A,10,92,1,2024-01-04 15:00:00
u0155,A,5,78,1,2024-01-06 20:00:00
u0156,A,0,5,0,2024-01-06 23:00:00
u0157,A,5,189,1,2024-01-06 23:00:00
u0158,A,1,95,1,2024-01-05 18:00:00
u0159,A,0,5,0,2024-01-05 22:00:00
u0160,A,5,143,1,2024-01-03 03:00:00
u0161,A,3,81,1,2024-01-02 16:00:00
u0162,A,3,96,1,2024-01-02 23:00:00
u0163,A,8,137,1,2024-01-04 18:00:00
u0164,A,4,112,1,2024-01-02 14:00:00
u0165,A,6,180,1,2024-01-01 12:00:00
u0166,A,3,72,1,2024-01-06 11:00:00
u0167,A,9,123,1,2024-01-04 23:00:00
u0168,A,5,99,1,2024-01-05 12:00:00
u0169,A,0,6,0,2024-01-05 07:00:00
u0170,A,0,3,0,2024-01-05 01:00:00
u0171,A,7,175,1,2024-01-02 18:00:00
u0172,A,0,6,0,2024-01-04 15:00:00
u0173,A,6,170,1,2024-01-04 20:00:00
u0174,A,7,139,1,2024-01-06 05:00:00
u0175,A,11,182,1,2024-01-05 12:00:00
u0176,A,11,197,1,2024-01-02 22:00:00
u0177,A,0,3,0,2024-01-04 19:00:00
u0178,A,10,158,1,2024-01-07 08:00:00
u0179,A,2,63,1,2024-01-02 16:00:00
u0180,A,6,185,1,2024-01-01 02:00:00
u0181,A,4,97,1,2024-01-06 00:00:00
u0182,A,10,190,1,2024-01-04 04:00:00
u0183,A,0,7,0,2024-01-04 22:00:00
u0184,A,7,128,1,2024-01-01 12:00:00
u0185,A,7,100,1,2024-01-05 08:00:00
u0186,A,2,52,1,2024-01-01 17:00:00
u0187,A,8,177,1,2024-01-02 12:00:00
u0188,A,6,168,1,2024-01-07 17:00:00
u0189,A,4,107,1,2024-01-03 06:00:00
u0190,A,3,174,1,2024-01-03 03:00:00
u0191,A,13,162,1,2024-01-02 11:00:00
u0192,A,0,5,0,2024-01-05 17:00:00
u0193,A,11,168,1,2024-01-03 03:00:00
u0194,A,5,169,1,2024-01-01 18:00:00
u0195,A,0,5,0,2024-01-06 19:00:00
u0196,A,7,91,1,2024-01-04 19:00:00
u0197,A,4,70,1,2024-01-06 18:00:00
u0198,A,5,59,1,2024-01-02 23:00:00
u0199,A,3,106,1,2024-01-05 04:00:00
u0200,A,5,105,1,2024-01-05 02:00:00
u0201,A,5,87,1,2024-01-06 23:00:00
u0202,A,0,9,0,2024-01-02 22:00:00
u0203,A,0,7,0,2024-01-03 18:00:00
u0204,A,6,161,1,2024-01-02 06:00:00
u0205,A,3,103,1,2024-01-04 03:00:00
u0206,A,0,2,0,2024-01-01 07:00:00
u0207,A,5,53,1,2024-01-02 19:00:00
u0208,A,9,111,1,2024-01-02 10:00:00
u0209,A,9,173,1,2024-01-01 13:00:00
u0210,A,0,9,0,2024-01-05 13:00:00
u0211,A,9,161,1,2024-01-01 03:00:00
u0212,A,7,134,1,2024-01-07 00:00:00
u0213,A,1,53,1,2024-01-05 15:00:00
u0214,A,0,9,0,2024-01-03 20:00:00
u0215,A,5,111,1,2024-01-07 07:00:00
u0216,A,7,139,1,2024-01-03 00:00:00
u0217,A,4,169,1,2024-01-03 06:00:00
u0218,A,11,179,1,2024-01-07 06:00:00
u0219,A,12,186,1,2024-01-04 08:00:00
u0220,A,0,2,0,2024-01-06 19:00:00
u0221,A,12,195,1,2024-01-06 18:00:00
u0222,A,8,161,1,2024-01-05 18:00:00
u0223,A,5,91,1,2024-01-04 02:00:00
u0224,A,4,90,1,2024-01-05 01:00:00
u0225,A,9,138,1,2024-01-06 06:00:00
u0226,A,4,91,1,2024-01-05 14:00:00
u0227,A,0,0,0,2024-01-05 04:00:00
u0228,A,6,116,1,2024-01-05 17:00:00
u0229,A,5,90,1,2024-01-02 04:00:00
u0230,A,9,148,1,2024-01-03 13:00:00
u0231,A,5,99,1,2024-01-03 04:00:00
u0232,A,10,153,1,2024-01-05 20:00:00
u0233,A,7,135,1,2024-01-04 18:00:00
u0234,A,11,128,1,2024-01-05 09:00:00
u0235,A,6,94,1,2024-01-04 13:00:00
u0236,A,7,196,1,2024-01-06 07:00:00
u0237,A,10,155,1,2024-01-05 03:00:00
u0238,A,10,194,1,2024-01-04 21:00:00
u0239,A,0,6,0,2024-01-04 03:00:00
u0240,A,8,126,1,2024-01-01 02:00:00
u0241,A,0,6,0,2024-01-04 08:00:00
u0242,A,7,161,1,2024-01-05 08:00:00
u0243,A,7,142,1,2024-01-02 07:00:00
u0244,A,7,90,1,2024-01-01 07:00:00
u0245,A,4,55,1,2024-01-04 14:00:00
u0246,A,6,147,1,2024-01-02 05:00:00
u0247,A,7,122,1,2024-01-06 22:00:00
u0248,A,5,90,1,2024-01-04 01:00:00
u0249,A,1,58,1,2024-01-06 02:00:00
u0250,A,2,57,1,2024-01-06 00:00:00
u0251,A,0,6,0,2024-01-02 13:00:00
u0252,A,2,62,1,2024-01-06 22:00:00
u0253,A,2,68,1,2024-01-07 13:00:00
u0254,A,3,147,1,2024-01-07 09:00:00
u0255,A,0,5,0,2024-01-05 18:00:00
u0256,A,4,98,1,2024-01-05 12:00:00
u0257,A,6,149,1,2024-01-04 05:00:00
u0258,A,4,131,1,2024-01-02 11:00:00
u0259,A,5,115,1,2024-01-04 17:00:00
u0260,A,7,140,1,2024-01-07 14:00:00
u0261,A,4,108,1,2024-01-02 15:00:00
u0262,A,0,7,0,2024-01-04 01:00:00
u0263,A,0,6,0,2024-01-02 21:00:00
u0264,A,6,130,1,2024-01-05 10:00:00
u0265,A,0,3,0,2024-01-07 01:00:00
u0266,A,8,170,1,2024-01-05 03:00:00
u0267,A,0,6,0,2024-01-07 19:00:00
u0268,A,4,54,1,2024-01-03 12:00:00
u0269,A,12,184,1,2024-01-07 23:00:00
u0270,A,0,9,0,2024-01-01 02:00:00
u0271,A,0,3,0,2024-01-04 09:00:00
u0272,A,10,124,1,2024-01-01 06:00:00
u0273,A,7,145,1,2024-01-02 06:00:00
u0274,A,6,163,1,2024-01-03 16:00:00
u0275,A,0,3,0,2024-01-04 22:00:00
u0276,A,5,77,1,2024-01-03 15:00:00
u0277,A,7,99,1,2024-01-04 04:00:00
u0278,A,2,51,1,2024-01-01 02:00:00
u0279,A,4,117,1,2024-01-04 20:00:00
u0280,A,10,177,1,2024-01-02 10:00:00
u0281,A,10,126,1,2024-01-01 14:00:00
u0282,A,2,73,1,2024-01-01 20:00:00
u0283,A,10,161,1,2024-01-03 13:00:00
u0284,A,8,168,1,2024-01-04 10:00:00
u0285,A,6,85,1,2024-01-07 11:00:00
u0286,A,2,51,1,2024-01-01 03:00:00
u0287,A,8,176,1,2024-01-06 20:00:00
u0288,A,9,154,1,2024-01-07 22:00:00
u0289,A,6,67,1,2024-01-03 18:00:00
u0290,A,2,57,1,2024-01-04 21:00:00
u0291,A,3,64,1,2024-01-03 09:00:00
u0292,A,7,194,1,2024-01-06 09:00:00
u0293,A,2,72,1,2024-01-02 00:00:00
u0294,A,0,3,0,2024-01-01 10:00:00
u0295,A,3,98,1,2024-01-01 00:00:00
u0296,A,0,7,0,2024-01-02 23:00:00
u0297,A,4,83,1,2024-01-05 16:00:00
u0298,A,0,0,0,2024-01-06 17:00:00
u0299,A,4,113,1,2024-01-04 08:00:00
u0300,A,4,155,1,2024-01-02 05:00:00
u0301,A,0,6,0,2024-01-07 18:00:00
u0302,A,10,151,1,2024-01-05 17:00:00
u0303,A,3,66,1,2024-01-01 18:00:00
u0304,A,2,190,1,2024-01-05 13:00:00
u0305,A,0,1,0,2024-01-02 09:00:00
u0306,A,8,113,1,2024-01-02 07:00:00
u0307,A,6,83,1,2024-01-04 03:00:00
u0308,A,5,144,1,2024-01-06 05:00:00
u0309,A,6,136,1,2024-01-06 13:00:00
u0310,A,9,151,1,2024-01-06 20:00:00
u0311,A,9,189,1,2024-01-04 13:00:00
u0312,A,0,4,0,2024-01-04 02:00:00
u0313,A,2,68,1,2024-01-06 14:00:00
u0314,A,15,186,1,2024-01-02 20:00:00
u0315,A,4,123,1,2024-01-03 16:00:00
u0316,A,11,194,1,2024-01-04 21:00:00
u0317,A,5,99,1,2024-01-01 18:00:00
u0318,A,6,88,1,2024-01-05 22:00:00
u0319,A,10,187,1,2024-01-02 22:00:00
u0320,A,3,61,1,2024-01-02 21:00:00
u0321,A,5,128,1,2024-01-02 04:00:00
u0322,A,4,64,1,2024-01-05 03:00:00
u0323,A,3,77,1,2024-01-03 16:00:00
u0324,A,11,181,1,2024-01-07 06:00:00
u0325,A,5,85,1,2024-01-06 07:00:00
u0326,A,9,168,1,2024-01-03 02:00:00
u0327,A,0,5,0,2024-01-01 21:00:00
u0328,A,5,147,1,2024-01-05 13:00:00
u0329,A,6,96,1,2024-01-03 22:00:00
u0330,A,3,130,1,2024-01-02 08:00:00
u0331,A,0,6,0,2024-01-06 06:00:00
u0332,A,9,87,1,2024-01-05 12:00:00
u0333,A,0,9,0,2024-01-05 03:00:00
u0334,A,4,146,1,2024-01-02 19:00:00
u0335,A,0,6,0,2024-01-01 06:00:00
u0336,A,7,75,1,2024-01-06 07:00:00
u0337,A,6,146,1,2024-01-04 18:00:00
u0338,A,2,50,1,2024-01-06 09:00:00
u0339,A,0,2,0,2024-01-01 16:00:00
u0340,A,1,55,1,2024-01-03 16:00:00
u0341,A,3,86,1,2024-01-05 13:00:00
u0342,A,2,51,1,2024-01-02 05:00:00
u0343,A,9,172,1,2024-01-04 19:00:00
u0344,A,4,118,1,2024-01-07 09:00:00
u0345,A,3,62,1,2024-01-07 18:00:00
u0346,A,8,118,1,2024-01-04 02:00:00
u0347,A,0,9,0,2024-01-07 11:00:00
u0348,A,6,108,1,2024-01-07 08:00:00
u0349,A,3,117,1,2024-01-05 08:00:00
u0350,A,5,108,1,2024-01-02 06:00:00
u0351,A,0,6,0,2024-01-05 00:00:00
u0352,A,3,59,1,2024-01-03 02:00:00
u0353,A,8,190,1,2024-01-03 09:00:00
u0354,A,0,9,0,2024-01-02 09:00:00
u0355,A,1,64,1,2024-01-01 20:00:00
u0356,A,4,95,1,2024-01-02 12:00:00
u0357,A,9,187,1,2024-01-03 15:00:00
u0358,A,0,6,0,2024-01-07 02:00:00
u0359,A,3,138,1,2024-01-06 03:00:00
u0360,A,7,126,1,2024-01-05 04:00:00
u0361,A,9,185,1,2024-01-05 22:00:00
u0362,A,10,198,1,2024-01-04 12:00:00
u0363,A,0,8,0,2024-01-04 05:00:00
u0364,A,7,159,1,2024-01-05 07:00:00
u0365,A,5,146,1,2024-01-03 23:00:00
u0366,A,0,0,0,2024-01-05 06:00:00
u0367,A,11,140,1,2024-01-04 04:00:00
u0368,A,8,163,1,2024-01-05 13:00:00
u0369,A,0,6,0,2024-01-01 18:00:00
u0370,A,8,122,1,2024-01-06 09:00:00
u0371,A,4,84,1,2024-01-06 13:00:00
u0372,A,5,91,1,2024-01-07 12:00:00
u0373,A,8,182,1,2024-01-06 12:00:00
u0374,A,0,3,0,2024-01-03 13:00:00
u0375,A,4,81,1,2024-01-07 13:00:00
u0376,A,11,185,1,2024-01-05 06:00:00
u0377,A,7,152,1,2024-01-05 03:00:00
u0378,A,4,134,1,2024-01-07 10:00:00
u0379,A,0,8,0,2024-01-03 03:00:00
u0380,A,7,127,1,2024-01-03 00:00:00
u0381,A,0,1,0,2024-01-05 03:00:00
u0382,A,4,93,1,2024-01-06 05:00:00
u0383,A,1,81,1,2024-01-05 21:00:00
u0384,A,2,77,1,2024-01-03 05:00:00
u0385,A,0,6,0,2024-01-05 22:00:00
u0386,A,1,67,1,2024-01-06 12:00:00
u0387,A,11,152,1,2024-01-06 16:00:00
u0388,A,4,119,1,2024-01-07 17:00:00
u0389,A,12,168,1,2024-01-05 01:00:00
u0390,A,12,188,1,2024-01-02 11:00:00
u0391,A,0,6,0,2024-01-07 03:00:00
u0392,A,5,146,1,2024-01-04 08:00:00
u0393,A,10,185,1,2024-01-04 12:00:00
u0394,A,2,84,1,2024-01-04 10:00:00
u0395,A,4,118,1,2024-01-03 14:00:00
u0396,A,7,175,1,2024-01-03 18:00:00
u0397,A,9,148,1,2024-01-07 13:00:00
u0398,A,2,127,1,2024-01-01 02:00:00
u0399,A,14,198,1,2024-01-02 17:00:00
u0400,A,4,160,1,2024-01-01 23:00:00
u0401,A,3,66,1,2024-01-02 19:00:00
u0402,A,6,195,1,2024-01-06 08:00:00
u0403,A,12,189,1,2024-01-05 18:00:00
u0404,A,6,193,1,2024-01-02 11:00:00
u0405,A,5,53,1,2024-01-02 13:00:00
u0406,A,7,141,1,2024-01-04 09:00:00
u0407,A,10,124,1,2024-01-02 04:00:00
u0408,A,6,152,1,2024-01-02 16:00:00
u0409,A,3,73,1,2024-01-04 15:00:00
u0410,A,7,114,1,2024-01-02 23:00:00
u0411,A,0,5,0,2024-01-05 17:00:00
u0412,A,6,131,1,2024-01-01 21:00:00
u0413,A,5,55,1,2024-01-05 02:00:00
u0414,A,0,0,0,2024-01-01 16:00:00
u0415,A,7,116,1,2024-01-04 13:00:00
u0416,A,5,121,1,2024-01-06 12:00:00
u0417,A,4,144,1,2024-01-03 12:00:00
u0418,A,4,97,1,2024-01-04 16:00:00
u0419,A,9,119,1,2024-01-06 13:00:00
u0420,A,12,127,1,2024-01-04 08:00:00
u0421,A,5,116,1,2024-01-04 22:00:00
u0422,A,9,114,1,2024-01-07 00:00:00
u0423,A,6,112,1,2024-01-03 10:00:00
u0424,A,6,95,1,2024-01-07 22:00:00
u0425,A,5,196,1,2024-01-03 05:00:00
u0426,A,6,122,1,2024-01-06 05:00:00
u0427,A,3,120,1,2024-01-07 20:00:00
u0428,A,6,159,1,2024-01-02 23:00:00
u0429,A,6,112,1,2024-01-03 19:00:00
u0430,A,6,90,1,2024-01-05 10:00:00
u0431,A,0,3,0,2024-01-04 05:00:00
u0432,A,0,6,0,2024-01-04 04:00:00
u0433,A,4,53,1,2024-01-02 02:00:00
u0434,A,4,138,1,2024-01-04 15:00:00
u0435,A,8,183,1,2024-01-07 10:00:00
u0436,A,8,131,1,2024-01-03 23:00:00
u0437,A,0,5,0,2024-01-02 22:00:00
u0438,A,17,192,1,2024-01-05 06:00:00
u0439,A,0,9,0,2024-01-01 20:00:00
u0440,A,8,154,1,2024-01-05 18:00:00
u0441,A,9,153,1,2024-01-03 08:00:00
u0442,A,4,117,1,2024-01-05 08:00:00
u0443,A,6,159,1,2024-01-04 22:00:00
u0444,A,7,115,1,2024-01-05 13:00:00
u0445,A,6,76,1,2024-01-02 02:00:00
u0446,A,10,109,1,2024-01-06 07:00:00
u0447,A,7,167,1,2024-01-07 16:00:00
u0448,A,6,93,1,2024-01-04 03:00:00
u0449,A,6,85,1,2024-01-02 10:00:00
u0450,A,0,3,0,2024-01-05 01:00:00
u0451,A,6,140,1,2024-01-06 23:00:00
u0452,A,5,94,1,2024-01-02 11:00:00
u0453,A,0,9,0,2024-01-03 17:00:00
u0454,A,8,147,1,2024-01-03 07:00:00
u0455,A,4,68,1,2024-01-07 00:00:00
u0456,A,0,2,0,2024-01-07 03:00:00
u0457,A,2,75,1,2024-01-04 21:00:00
u0458,A,3,77,1,2024-01-05 09:00:00
u0459,A,6,113,1,2024-01-04 11:00:00
u0460,A,4,117,1,2024-01-06 15:00:00
u0461,A,12,129,1,2024-01-07 01:00:00
u0462,A,0,3,0,2024-01-01 17:00:00
u0463,A,7,151,1,2024-01-07 01:00:00
u0464,A,5,59,1,2024-01-06 04:00:00
u0465,A,4,149,1,2024-01-01 01:00:00
u0466,A,11,171,1,2024-01-04 03:00:00
u0467,A,0,1,0,2024-01-06 17:00:00
u0468,A,2,113,1,2024-01-06 21:00:00
u0469,A,0,5,0,2024-01-02 01:00:00
u0470,A,1,68,1,2024-01-02 22:00:00
u0471,A,6,125,1,2024-01-02 05:00:00
u0472,A,0,7,0,2024-01-03 07:00:00
u0473,A,0,0,0,2024-01-05 22:00:00
u0474,A,0,2,0,2024-01-06 11:00:00
u0475,A,9,138,1,2024-01-06 18:00:00
u0476,A,5,141,1,2024-01-07 07:00:00
u0477,A,5,91,1,2024-01-07 20:00:00
u0478,A,0,9,0,2024-01-06 09:00:00
u0479,A,7,88,1,2024-01-06 19:00:00
u0480,A,9,182,1,2024-01-01 20:00:00
u0481,A,10,130,1,2024-01-03 19:00:00
u0482,A,10,195,1,2024-01-06 05:00:00
u0483,A,0,9,0,2024-01-02 18:00:00
u0484,A,14,160,1,2024-01-05 03:00:00
u0485,A,2,70,1,2024-01-06 02:00:00
u0486,A,3,99,1,2024-01-04 20:00:00
u0487,A,7,170,1,2024-01-06 19:00:00
u0488,A,6,183,1,2024-01-06 08:00:00
u0489,A,4,99,1,2024-01-07 16:00:00
u0490,A,10,164,1,2024-01-05 19:00:00
u0491,A,2,50,1,2024-01-05 18:00:00
u0492,A,3,79,1,2024-01-06 21:00:00
u0493,A,7,156,1,2024-01-05 22:00:00
u0494,A,3,97,1,2024-01-04 20:00:00
u0495,A,6,136,1,2024-01-06 21:00:00
u0496,A,10,178,1,2024-01-01 08:00:00
u0497,A,1,68,1,2024-01-04 00:00:00
u0498,A,0,3,0,2024-01-02 01:00:00
u0499,A,8,179,1,2024-01-05 09:00:00
u0500,A,9,105,1,2024-01-07 00:00:00
u0501,A,0,5,0,2024-01-03 19:00:00
u0502,A,9,141,1,2024-01-05 13:00:00
u0503,A,0,2,0,2024-01-06 10:00:00
u0504,A,9,128,1,2024-01-02 00:00:00
u0505,A,0,7,0,2024-01-01 20:00:00
u0506,A,0,6,0,2024-01-06 19:00:00
u0507,A,4,76,1,2024-01-03 05:00:00
u0508,A,7,104,1,2024-01-01 00:00:00
u0509,A,8,109,1,2024-01-06 07:00:00
u0510,A,9,158,1,2024-01-01 00:00:00
u0511,A,8,169,1,2024-01-06 14:00:00
u0512,A,5,134,1,2024-01-01 09:00:00
u0513,A,9,135,1,2024-01-06 22:00:00
u0514,A,8,166,1,2024-01-02 15:00:00
u0515,A,0,2,0,2024-01-06 18:00:00
u0516,A,3,124,1,2024-01-02 20:00:00
u0517,A,8,168,1,2024-01-04 14:00:00
u0518,A,11,194,1,2024-01-06 20:00:00
u0519,A,3,56,1,2024-01-02 02:00:00
u0520,A,9,197,1,2024-01-03 01:00:00
u0521,A,0,6,0,2024-01-03 12:00:00
u0522,A,4,107,1,2024-01-01 12:00:00
u0523,A,4,65,1,2024-01-06 19:00:00
u0524,A,0,2,0,2024-01-07 12:00:00
u0525,A,0,7,0,2024-01-04 12:00:00
u0526,A,7,124,1,2024-01-04 11:00:00
u0527,A,16,193,1,2024-01-01 19:00:00
u0528,A,3,136,1,2024-01-02 06:00:00
u0529,A,5,172,1,2024-01-01 07:00:00
u0530,A,0,0,0,2024-01-01 23:00:00
u0531,A,4,89,1,2024-01-07 22:00:00
u0532,A,2,116,1,2024-01-02 08:00:00
u0533,A,0,1,0,2024-01-02 17:00:00
u0534,A,7,151,1,2024-01-06 22:00:00
u0535,A,0,9,0,2024-01-07 15:00:00
u0536,A,7,159,1,2024-01-06 18:00:00
u0537,A,9,131,1,2024-01-04 21:00:00
u0538,A,4,127,1,2024-01-02 12:00:00
u0539,A,1,51,1,2024-01-07 02:00:00
u0540,A,4,114,1,2024-01-02 09:00:00
u0541,A,4,69,1,2024-01-03 04:00:00
u0542,A,6,83,1,2024-01-06 19:00:00
u0543,A,0,6,0,2024-01-04 23:00:00
u0544,A,2,72,1,2024-01-05 08:00:00
u0545,A,3,87,1,2024-01-02 23:00:00
u0546,A,6,116,1,2024-01-02 15:00:00
u0547,A,0,8,0,2024-01-07 07:00:00
u0548,A,13,189,1,2024-01-04 15:00:00
u0549,A,2,79,1,2024-01-02 18:00:00
u0550,A,3,136,1,2024-01-01 16:00:00
u0551,A,6,197,1,2024-01-05 05:00:00
u0552,A,11,167,1,2024-01-07 17:00:00
u0553,A,3,55,1,2024-01-05 14:00:00
u0554,A,11,124,1,2024-01-03 21:00:00
u0555,A,0,8,0,2024-01-03 11:00:00
u0556,A,0,9,0,2024-01-04 04:00:00
u0557,A,3,59,1,2024-01-02 10:00:00
u0558,A,5,100,1,2024-01-07 17:00:00
u0559,A,8,142,1,2024-01-01 15:00:00
u0560,A,3,87,1,2024-01-07 01:00:00
u0561,A,0,5,0,2024-01-02 13:00:00
u0562,A,4,185,1,2024-01-02 07:00:00
u0563,A,9,151,1,2024-01-01 06:00:00
u0564,A,0,1,0,2024-01-02 21:00:00
u0565,A,9,132,1,2024-01-01 17:00:00
u0566,A,8,192,1,2024-01-03 22:00:00
u0567,A,6,80,1,2024-01-02 15:00:00
u0568,A,3,70,1,2024-01-04 15:00:00
u0569,A,5,180,1,2024-01-04 05:00:00
u0570,A,15,175,1,2024-01-01 04:00:00
u0571,A,4,84,1,2024-01-04 13:00:00
u0572,A,11,193,1,2024-01-01 21:00:00
u0573,A,6,94,1,2024-01-04 01:00:00
u0574,A,4,108,1,2024-01-04 17:00:00
u0575,A,4,61,1,2024-01-04 06:00:00
u0576,A,13,189,1,2024-01-07 21:00:00
u0577,A,3,82,1,2024-01-05 22:00:00
u0578,A,4,70,1,2024-01-06 08:00:00
u0579,A,7,109,1,2024-01-04 05:00:00
u0580,A,3,101,1,2024-01-02 11:00:00
u0581,A,7,172,1,2024-01-04 22:00:00
u0582,A,5,155,1,2024-01-02 03:00:00
u0583,A,8,149,1,2024-01-05 01:00:00
u0584,A,8,120,1,2024-01-02 10:00:00
u0585,A,10,184,1,2024-01-03 13:00:00
u0586,A,3,111,1,2024-01-04 14:00:00
u0587,A,0,0,0,2024-01-05 11:00:00
u0588,A,5,73,1,2024-01-06 04:00:00
u0589,A,0,0,0,2024-01-04 06:00:00
u0590,A,9,125,1,2024-01-06 04:00:00
u0591,A,12,185,1,2024-01-03 12:00:00
u0592,A,0,58,1,2024-01-02 01:00:00
u0593,A,1,52,1,2024-01-07 18:00:00
u0594,A,4,70,1,2024-01-03 08:00:00
u0595,A,9,144,1,2024-01-06 11:00:00
u0596,A,0,8,0,2024-01-02 17:00:00
u0597,A,0,3,0,2024-01-07 22:00:00
u0598,A,6,142,1,2024-01-01 21:00:00
u0599,A,0,5,0,2024-01-06 18:00:00
u0600,A,0,7,0,2024-01-07 20:00:00
u0601,A,0,1,0,2024-01-04 17:00:00
u0602,A,7,119,1,2024-01-03 09:00:00
u0603,A,3,97,1,2024-01-01 06:00:00
u0604,A,1,64,1,2024-01-06 15:00:00
u0605,A,3,83,1,2024-01-03 02:00:00
u0606,A,0,4,0,2024-01-07 06:00:00
u0607,A,3,51,1,2024-01-04 17:00:00
u0608,A,4,129,1,2024-01-05 11:00:00
u0609,A,0,5,0,2024-01-01 08:00:00
u0610,A,5,98,1,2024-01-02 13:00:00
u0611,A,0,2,0,2024-01-05 14:00:00
u0612,A,3,77,1,2024-01-01 12:00:00
u0613,A,5,97,1,2024-01-01 06:00:00
u0614,A,3,145,1,2024-01-06 18:00:00
u0615,A,15,158,1,2024-01-03 18:00:00
u0616,A,6,122,1,2024-01-02 16:00:00
u0617,A,0,2,0,2024-01-07 12:00:00
u0618,A,0,1,0,2024-01-07 20:00:00
u0619,A,5,107,1,2024-01-01 15:00:00
u0620,A,1,97,1,2024-01-02 19:00:00
u0621,A,0,4,0,2024-01-03 01:00:00
u0622,A,0,76,1,2024-01-06 13:00:00
u0623,A,3,56,1,2024-01-01 17:00:00
u0624,A,0,1,0,2024-01-07 02:00:00
u0625,A,0,1,0,2024-01-03 02:00:00
u0626,A,4,117,1,2024-01-01 02:00:00
u0627,A,0,122,1,2024-01-04 16:00:00
u0628,A,4,150,1,2024-01-03 05:00:00
u0629,A,0,57,1,2024-01-03 00:00:00
u0630,A,0,8,0,2024-01-02 03:00:00
u0631,A,0,4,0,2024-01-02 13:00:00
u0632,A,11,184,1,2024-01-02 03:00:00
u0633,A,8,186,1,2024-01-02 07:00:00
u0634,A,0,8,0,2024-01-02 16:00:00
u0635,A,6,127,1,2024-01-02 11:00:00
u0636,A,8,194,1,2024-01-05 06:00:00
u0637,A,0,4,0,2024-01-02 11:00:00
u0638,A,2,95,1,2024-01-05 10:00:00
u0639,A,11,139,1,2024-01-06 05:00:00
u0640,A,10,191,1,2024-01-04 14:00:00
u0641,A,4,58,1,2024-01-03 17:00:00
u0642,A,9,164,1,2024-01-06 17:00:00
u0643,A,10,179,1,2024-01-03 21:00:00
u0644,A,0,4,0,2024-01-04 06:00:00
u0645,A,7,130,1,2024-01-04 20:00:00
u0646,A,11,177,1,2024-01-04 19:00:00
u0647,A,1,83,1,2024-01-01 21:00:00
u0648,A,15,196,1,2024-01-01 19:00:00
u0649,A,4,88,1,2024-01-02 08:00:00
u0650,A,2,62,1,2024-01-06 22:00:00
u0651,A,9,182,1,2024-01-06 14:00:00
u0652,A,7,99,1,2024-01-04 17:00:00
u0653,A,0,0,0,2024-01-03 01:00:00
u0654,A,9,171,1,2024-01-01 09:00:00
u0655,A,8,169,1,2024-01-04 06:00:00
u0656,A,8,137,1,2024-01-02 12:00:00
u0657,A,5,161,1,2024-01-03 10:00:00
u0658,A,3,160,1,2024-01-04 15:00:00
u0659,A,3,121,1,2024-01-05 07:00:00
u0660,A,4,106,1,2024-01-03 14:00:00
u0661,A,0,7,0,2024-01-01 20:00:00
u0662,A,9,162,1,2024-01-05 07:00:00
u0663,A,5,111,1,2024-01-04 06:00:00
u0664,A,1,96,1,2024-01-02 12:00:00
u0665,A,2,127,1,2024-01-02 20:00:00
u0666,A,0,5,0,2024-01-06 21:00:00
u0667,A,8,175,1,2024-01-02 18:00:00
u0668,A,0,54,1,2024-01-05 19:00:00
u0669,A,4,80,1,2024-01-04 12:00:00
u0670,A,3,86,1,2024-01-04 11:00:00
u0671,A,7,128,1,2024-01-07 16:00:00
u0672,A,0,1,0,2024-01-01 02:00:00
u0673,A,4,101,1,2024-01-05 07:00:00
u0674,A,6,188,1,2024-01-04 14:00:00
u0675,A,3,92,1,2024-01-05 14:00:00
u0676,A,0,89,1,2024-01-04 14:00:00
u0677,A,0,3,0,2024-01-04 18:00:00
u0678,A,11,179,1,2024-01-02 10:00:00
u0679,A,5,136,1,2024-01-07 08:00:00
u0680,A,13,122,1,2024-01-04 23:00:00
u0681,A,5,153,1,2024-01-04 13:00:00
u0682,A,5,65,1,2024-01-06 15:00:00
u0683,A,7,108,1,2024-01-05 19:00:00
u0684,A,4,96,1,2024-01-07 01:00:00
u0685,A,0,5,0,2024-01-04 19:00:00
u0686,A,8,158,1,2024-01-07 11:00:00
u0687,A,0,2,0,2024-01-06 19:00:00
u0688,A,5,114,1,2024-01-01 01:00:00
u0689,A,2,108,1,2024-01-07 20:00:00
u0690,A,7,151,1,2024-01-06 03:00:00
u0691,A,0,4,0,2024-01-01 03:00:00
u0692,A,13,172,1,2024-01-05 12:00:00
u0693,A,11,195,1,2024-01-05 14:00:00
u0694,A,3,140,1,2024-01-02 09:00:00
u0695,A,0,0,0,2024-01-04 14:00:00
u0696,A,0,1,0,2024-01-01 12:00:00
u0697,A,6,81,1,2024-01-01 06:00:00
u0698,A,0,4,0,2024-01-02 07:00:00
u0699,A,2,94,1,2024-01-01 22:00:00
u0700,A,0,4,0,2024-01-02 22:00:00
u0701,A,12,149,1,2024-01-07 20:00:00
u0702,A,3,95,1,2024-01-02 04:00:00
u0703,A,8,193,1,2024-01-07 20:00:00
u0704,A,7,175,1,2024-01-01 22:00:00
u0705,A,1,95,1,2024-01-02 13:00:00
u0706,A,4,170,1,2024-01-06 06:00:00
u0707,A,11,137,1,2024-01-02 19:00:00
u0708,A,6,110,1,2024-01-01 04:00:00
u0709,A,4,95,1,2024-01-02 15:00:00
u0710,A,0,2,0,2024-01-06 18:00:00
u0711,A,0,3,0,2024-01-04 05:00:00
u0712,A,0,0,0,2024-01-05 09:00:00
u0713,A,3,96,1,2024-01-06 09:00:00
u0714,A,1,72,1,2024-01-07 18:00:00
u0715,A,0,9,0,2024-01-03 00:00:00
u0716,A,0,9,0,2024-01-06 02:00:00
u0717,A,1,56,1,2024-01-02 10:00:00
u0718,A,9,190,1,2024-01-05 09:00:00
u0719,A,1,77,1,2024-01-03 23:00:00
u0720,A,12,145,1,2024-01-07 15:00:00
u0721,A,9,156,1,2024-01-05 12:00:00
u0722,A,5,147,1,2024-01-06 04:00:00
u0723,A,0,7,0,2024-01-03 22:00:00
u0724,A,3,50,1,2024-01-02 14:00:00
u0725,A,4,92,1,2024-01-04 18:00:00
u0726,A,6,91,1,2024-01-02 12:00:00
u0727,A,0,9,0,2024-01-04 08:00:00
u0728,A,8,178,1,2024-01-06 11:00:00
u0729,A,9,100,1,2024-01-01 22:00:00
u0730,A,9,193,1,2024-01-06 21:00:00
u0731,A,3,64,1,2024-01-01 04:00:00
u0732,A,10,174,1,2024-01-05 13:00:00
u0733,A,9,136,1,2024-01-07 07:00:00
u0734,A,6,102,1,2024-01-01 17:00:00
u0735,A,11,194,1,2024-01-02 02:00:00
u0736,A,6,138,1,2024-01-01 23:00:00
u0737,A,7,155,1,2024-01-02 04:00:00
u0738,A,1,55,1,2024-01-06 18:00:00
u0739,A,0,3,0,2024-01-07 01:00:00
u0740,A,3,89,1,2024-01-06 02:00:00
u0741,A,0,118,1,2024-01-06 07:00:00
u0742,A,14,184,1,2024-01-05 15:00:00
u0743,A,2,62,1,2024-01-05 20:00:00
u0744,A,1,53,1,2024-01-06 11:00:00
u0745,A,2,52,1,2024-01-02 08:00:00
u0746,A,8,189,1,2024-01-02 17:00:00
u0747,A,0,6,0,2024-01-07 15:00:00
u0748,A,0,1,0,2024-01-06 04:00:00
u0749,A,0,4,0,2024-01-01 03:00:00
u0750,A,4,99,1,2024-01-01 19:00:00
u0751,A,2,66,1,2024-01-03 19:00:00
u0752,A,2,81,1,2024-01-03 09:00:00
u0753,A,3,66,1,2024-01-04 07:00:00
u0754,A,3,83,1,2024-01-06 13:00:00
u0755,A,1,84,1,2024-01-04 22:00:00
u0756,A,13,195,1,2024-01-07 23:00:00
u0757,A,8,99,1,2024-01-07 06:00:00
u0758,A,5,152,1,2024-01-01 03:00:00
u0759,A,2,82,1,2024-01-07 20:00:00
u0760,A,7,138,1,2024-01-02 19:00:00
u0761,A,0,9,0,2024-01-06 04:00:00
u0762,A,11,134,1,2024-01-02 17:00:00
u0763,A,5,108,1,2024-01-02 04:00:00
u0764,A,3,59,1,2024-01-07 02:00:00
u0765,A,8,106,1,2024-01-07 15:00:00
u0766,A,5,115,1,2024-01-02 19:00:00
u0767,A,0,4,0,2024-01-03 06:00:00
u0768,A,0,0,0,2024-01-04 07:00:00
u0769,A,1,64,1,2024-01-06 12:00:00
u0770,A,0,62,1,2024-01-05 16:00:00
u0771,A,10,163,1,2024-01-01 20:00:00
u0772,A,6,167,1,2024-01-04 05:00:00
u0773,A,0,3,0,2024-01-07 05:00:00
u0774,A,11,163,1,2024-01-02 05:00:00
u0775,A,0,8,0,2024-01-01 22:00:00
u0776,A,6,150,1,2024-01-01 04:00:00
u0777,A,2,74,1,2024-01-03 14:00:00
u0778,A,6,161,1,2024-01-03 10:00:00
u0779,A,3,103,1,2024-01-04 09:00:00
u0780,A,5,61,1,2024-01-03 03:00:00
u0781,A,6,175,1,2024-01-03 16:00:00
u0782,A,10,186,1,2024-01-02 14:00:00
u0783,A,1,80,1,2024-01-01 02:00:00
u0784,A,11,127,1,2024-01-03 22:00:00
u0785,A,6,102,1,2024-01-07 10:00:00
u0786,A,12,161,1,2024-01-07 11:00:00
u0787,A,4,92,1,2024-01-01 14:00:00
u0788,A,6,91,1,2024-01-03 23:00:00
u0789,A,12,173,1,2024-01-03 21:00:00
u0790,A,0,2,0,2024-01-01 03:00:00
u0791,A,3,115,1,2024-01-04 21:00:00
u0792,A,4,193,1,2024-01-07 00:00:00
u0793,A,4,132,1,2024-01-02 09:00:00
u0794,A,0,8,0,2024-01-06 03:00:00
u0795,A,9,154,1,2024-01-06 13:00:00
u0796,A,10,193,1,2024-01-02 11:00:00
u0797,A,4,80,1,2024-01-05 02:00:00
u0798,A,6,167,1,2024-01-07 22:00:00
u0799,A,2,77,1,2024-01-04 07:00:00
u0800,A,1,53,1,2024-01-03 17:00:00
u0801,A,0,6,0,2024-01-06 15:00:00
u0802,A,0,7,0,2024-01-06 22:00:00
u0803,A,3,96,1,2024-01-04 18:00:00
u0804,A,4,58,1,2024-01-04 07:00:00
u0805,A,4,78,1,2024-01-03 10:00:00
u0806,A,13,193,1,2024-01-01 09:00:00
u0807,A,5,141,1,2024-01-01 06:00:00
u0808,A,9,198,1,2024-01-05 15:00:00
u0809,A,3,113,1,2024-01-04 03:00:00
u0810,A,7,160,1,2024-01-01 11:00:00
u0811,A,9,173,1,2024-01-04 06:00:00
u0812,A,10,159,1,2024-01-02 21:00:00
u0813,A,6,167,1,2024-01-02 07:00:00
u0814,A,5,149,1,2024-01-07 15:00:00
u0815,A,5,80,1,2024-01-05 18:00:00
u0816,A,0,5,0,2024-01-05 17:00:00
u0817,A,0,7,0,2024-01-06 05:00:00
u0818,A,7,98,1,2024-01-04 17:00:00
u0819,A,4,91,1,2024-01-03 12:00:00
u0820,A,9,161,1,2024-01-03 12:00:00
u0821,A,4,76,1,2024-01-05 05:00:00
u0822,A,9,137,1,2024-01-05 17:00:00
u0823,A,9,170,1,2024-01-04 19:00:00
u0824,A,0,52,1,2024-01-06 08:00:00
u0825,A,4,109,1,2024-01-05 10:00:00
u0826,A,0,7,0,2024-01-03 00:00:00
u0827,A,7,194,1,2024-01-02 00:00:00
u0828,A,4,81,1,2024-01-01 15:00:00
u0829,A,4,56,1,2024-01-06 20:00:00
u0830,A,6,120,1,2024-01-05 11:00:00
u0831,A,8,177,1,2024-01-07 19:00:00
u0832,A,2,107,1,2024-01-02 19:00:00
u0833,A,7,161,1,2024-01-04 10:00:00
u0834,A,0,3,0,2024-01-02 22:00:00
u0835,A,13,160,1,2024-01-06 03:00:00
u0836,A,0,5,0,2024-01-04 07:00:00
u0837,A,8,124,1,2024-01-04 03:00:00
u0838,A,6,123,1,2024-01-01 19:00:00
u0839,A,5,170,1,2024-01-07 01:00:00
u0840,A,4,104,1,2024-01-01 11:00:00
u0841,A,0,5,0,2024-01-05 15:00:00
u0842,A,7,146,1,2024-01-07 08:00:00
u0843,A,9,197,1,2024-01-03 11:00:00
u0844,A,4,82,1,2024-01-04 02:00:00
u0845,A,4,83,1,2024-01-05 13:00:00
u0846,A,11,111,1,2024-01-02 09:00:00
u0847,A,2,68,1,2024-01-06 20:00:00
u0848,A,0,9,0,2024-01-07 21:00:00
u0849,A,6,169,1,2024-01-06 19:00:00
u0850,A,8,172,1,2024-01-02 11:00:00
u0851,A,5,153,1,2024-01-02 03:00:00
u0852,A,10,190,1,2024-01-02 14:00:00
u0853,A,2,54,1,2024-01-04 04:00:00
u0854,A,0,0,0,2024-01-05 07:00:00
u0855,A,7,108,1,2024-01-04 18:00:00
u0856,A,6,177,1,2024-01-05 18:00:00
u0857,A,6,135,1,2024-01-07 14:00:00
u0858,A,0,9,0,2024-01-01 01:00:00
u0859,A,0,9,0,2024-01-05 20:00:00
u0860,A,11,178,1,2024-01-04 09:00:00
u0861,A,5,87,1,2024-01-04 17:00:00
u0862,A,6,156,1,2024-01-02 17:00:00
u0863,A,0,6,0,2024-01-02 06:00:00
u0864,A,7,102,1,2024-01-03 12:00:00
u0865,A,4,101,1,2024-01-05 05:00:00
u0866,A,4,50,1,2024-01-03 07:00:00
u0867,A,2,60,1,2024-01-04 10:00:00
u0868,A,7,107,1,2024-01-06 07:00:00
u0869,A,0,6,0,2024-01-01 13:00:00
u0870,A,5,93,1,2024-01-01 13:00:00
u0871,A,2,55,1,2024-01-07 12:00:00
u0872,A,3,57,1,2024-01-03 01:00:00
u0873,A,0,2,0,2024-01-05 04:00:00
u0874,A,0,4,0,2024-01-03 19:00:00
u0875,A,5,161,1,2024-01-03 22:00:00
u0876,A,0,3,0,2024-01-01 10:00:00
u0877,A,1,58,1,2024-01-01 13:00:00
u0878,A,2,127,1,2024-01-05 09:00:00
u0879,A,4,63,1,2024-01-05 07:00:00
u0880,A,0,7,0,2024-01-06 10:00:00
u0881,A,0,9,0,2024-01-06 07:00:00
u0882,A,6,74,1,2024-01-01 07:00:00
u0883,A,12,147,1,2024-01-06 16:00:00
u0884,A,3,52,1,2024-01-01 18:00:00
u0885,A,0,4,0,2024-01-06 19:00:00
u0886,A,7,161,1,2024-01-07 10:00:00
u0887,A,10,195,1,2024-01-05 15:00:00
u0888,A,3,96,1,2024-01-03 09:00:00
u0889,A,4,99,1,2024-01-02 00:00:00
u0890,A,10,173,1,2024-01-02 20:00:00
u0891,A,5,139,1,2024-01-05 05:00:00
u0892,A,4,116,1,2024-01-02 23:00:00
u0893,A,0,5,0,2024-01-03 01:00:00
u0894,A,7,196,1,2024-01-04 08:00:00
u0895,A,0,9,0,2024-01-02 19:00:00
u0896,A,1,114,1,2024-01-03 10:00:00
u0897,A,8,140,1,2024-01-07 16:00:00
u0898,A,9,165,1,2024-01-05 06:00:00
u0899,A,6,98,1,2024-01-04 05:00:00
u0900,A,4,118,1,2024-01-07 11:00:00
u0901,A,10,181,1,2024-01-01 17:00:00
u0902,A,10,194,1,2024-01-07 16:00:00
u0903,A,8,175,1,2024-01-05 19:00:00
u0904,A,5,102,1,2024-01-05 09:00:00
u0905,A,8,161,1,2024-01-06 22:00:00
u0906,A,10,199,1,2024-01-01 10:00:00
u0907,A,10,188,1,2024-01-07 19:00:00
u0908,A,6,162,1,2024-01-06 22:00:00
u0909,A,0,8,0,2024-01-03 13:00:00
u0910,A,8,163,1,2024-01-02 23:00:00
u0911,A,9,187,1,2024-01-04 21:00:00
u0912,A,5,97,1,2024-01-06 22:00:00
u0913,A,6,80,1,2024-01-04 14:00:00
u0914,A,6,86,1,2024-01-03 01:00:00
u0915,A,0,4,0,2024-01-03 11:00:00
u0916,A,5,77,1,2024-01-03 10:00:00
u0917,A,2,119,1,2024-01-01 14:00:00
u0918,A,4,63,1,2024-01-02 04:00:00
u0919,A,8,171,1,2024-01-02 15:00:00
u0920,A,2,65,1,2024-01-02 06:00:00
u0921,A,2,74,1,2024-01-04 00:00:00
u0922,A,3,115,1,2024-01-01 10:00:00
u0923,A,1,87,1,2024-01-04 08:00:00
u0924,A,5,152,1,2024-01-03 13:00:00
u0925,A,3,147,1,2024-01-06 15:00:00
u0926,A,10,164,1,2024-01-03 02:00:00
u0927,A,3,89,1,2024-01-03 08:00:00
u0928,A,5,113,1,2024-01-06 11:00:00
u0929,A,9,138,1,2024-01-07 19:00:00
u0930,A,4,149,1,2024-01-07 02:00:00
u0931,A,13,193,1,2024-01-01 23:00:00
u0932,A,0,4,0,2024-01-02 16:00:00
u0933,A,5,126,1,2024-01-03 00:00:00
u0934,A,3,108,1,2024-01-02 11:00:00
u0935,A,4,140,1,2024-01-01 09:00:00
u0936,A,6,147,1,2024-01-04 05:00:00
u0937,A,0,4,0,2024-01-06 14:00:00
u0938,A,1,50,1,2024-01-06 19:00:00
u0939,A,1,62,1,2024-01-04 13:00:00
u0940,A,4,79,1,2024-01-07 20:00:00
u0941,A,1,67,1,2024-01-07 19:00:00
u0942,A,8,127,1,2024-01-03 11:00:00
u0943,A,7,190,1,2024-01-04 23:00:00
u0944,A,6,81,1,2024-01-01 07:00:00
u0945,A,4,120,1,2024-01-06 14:00:00
u0946,A,6,99,1,2024-01-05 10:00:00
u0947,A,0,3,0,2024-01-03 09:00:00
u0948,A,9,162,1,2024-01-04 08:00:00
u0949,A,2,129,1,2024-01-04 13:00:00
u0950,A,4,80,1,2024-01-02 09:00:00
u0951,A,3,100,1,2024-01-04 11:00:00
u0952,A,5,109,1,2024-01-05 20:00:00
u0953,A,2,82,1,2024-01-01 21:00:00
u0954,A,8,176,1,2024-01-07 04:00:00
u0955,A,5,175,1,2024-01-01 14:00:00
u0956,A,3,90,1,2024-01-06 12:00:00
u0957,A,0,5,0,2024-01-05 05:00:00
u0958,A,9,90,1,2024-01-07 00:00:00
u0959,A,6,134,1,2024-01-07 02:00:00
u0960,A,0,6,0,2024-01-01 04:00:00
u0961,A,5,91,1,2024-01-01 22:00:00
u0962,A,8,169,1,2024-01-04 10:00:00
u0963,A,1,72,1,2024-01-01 13:00:00
u0964,A,2,82,1,2024-01-01 09:00:00
u0965,A,6,69,1,2024-01-02 06:00:00
u0966,A,6,139,1,2024-01-06 20:00:00
u0967,A,8,153,1,2024-01-06 06:00:00
u0968,A,3,61,1,2024-01-07 05:00:00
u0969,A,0,8,0,2024-01-02 12:00:00
u0970,A,4,100,1,2024-01-07 22:00:00
u0971,A,0,1,0,2024-01-06 17:00:00
u0972,A,0,0,0,2024-01-02 06:00:00
u0973,A,5,118,1,2024-01-05 02:00:00
u0974,A,0,3,0,2024-01-07 19:00:00
u0975,A,17,195,1,2024-01-02 10:00:00
u0976,A,0,2,0,2024-01-05 14:00:00
u0977,A,9,160,1,2024-01-03 19:00:00
u0978,A,3,110,1,2024-01-05 20:00:00
u0979,A,4,156,1,2024-01-06 05:00:00
u0980,A,9,127,1,2024-01-01 05:00:00
u0981,A,0,7,0,2024-01-05 22:00:00
u0982,A,0,7,0,2024-01-07 11:00:00
u0983,A,5,97,1,2024-01-02 05:00:00
u0984,A,0,1,0,2024-01-07 10:00:00
u0985,A,5,80,1,2024-01-03 20:00:00
u0986,A,1,83,1,2024-01-05 11:00:00
u0987,A,8,136,1,2024-01-07 22:00:00
u0988,A,9,184,1,2024-01-02 10:00:00
u0989,A,5,132,1,2024-01-05 06:00:00
u0990,A,12,184,1,2024-01-02 19:00:00
u0991,A,10,96,1,2024-01-06 22:00:00
u0992,A,7,185,1,2024-01-07 15:00:00
u0993,A,11,178,1,2024-01-02 04:00:00
u0994,A,11,174,1,2024-01-01 05:00:00
u0995,A,8,126,1,2024-01-02 02:00:00
u0996,A,0,4,0,2024-01-02 03:00:00
u0997,A,0,8,0,2024-01-06 12:00:00
u0998,A,11,192,1,2024-01-03 07:00:00
u0999,A,10,149,1,2024-01-05 15:00:00
u1000,A,0,9,0,2024-01-03 05:00:00
u1001,B,8,136,1,2024-01-04 07:00:00
u1002,B,4,80,1,2024-01-05 08:00:00
u1003,B,13,170,1,2024-01-01 17:00:00
u1004,B,8,118,1,2024-01-02 18:00:00
u1005,B,10,183,1,2024-01-04 16:00:00
u1006,B,9,164,1,2024-01-04 01:00:00
u1007,B,3,108,1,2024-01-07 12:00:00
u1008,B,4,195,1,2024-01-01 09:00:00
u1009,B,0,0,0,2024-01-06 13:00:00
u1010,B,10,187,1,2024-01-04 16:00:00
u1011,B,5,56,1,2024-01-06 11:00:00
u1012,B,5,86,1,2024-01-02 09:00:00
u1013,B,12,135,1,2024-01-04 10:00:00
u1014,B,0,6,0,2024-01-07 16:00:00
u1015,B,18,165,1,2024-01-06 11:00:00
u1016,B,0,8,0,2024-01-05 01:00:00
u1017,B,4,63,1,2024-01-02 06:00:00
u1018,B,11,188,1,2024-01-04 07:00:00
u1019,B,7,136,1,2024-01-03 11:00:00
u1020,B,6,153,1,2024-01-01 01:00:00
u1021,B,0,2,0,2024-01-02 11:00:00
u1022,B,7,93,1,2024-01-06 04:00:00
u1023,B,4,77,1,2024-01-07 06:00:00
u1024,B,0,6,0,2024-01-05 06:00:00
u1025,B,5,99,1,2024-01-05 19:00:00
u1026,B,0,7,0,2024-01-05 04:00:00
u1027,B,5,117,1,2024-01-02 21:00:00
u1028,B,5,141,1,2024-01-04 07:00:00
u1029,B,9,170,1,2024-01-05 10:00:00
u1030,B,15,189,1,2024-01-02 19:00:00
u1031,B,4,65,1,2024-01-07 02:00:00
u1032,B,4,102,1,2024-01-03 00:00:00
u1033,B,4,98,1,2024-01-04 15:00:00
u1034,B,5,111,1,2024-01-03 09:00:00
u1035,B,8,133,1,2024-01-04 18:00:00
u1036,B,0,7,0,2024-01-06 14:00:00
u1037,B,12,169,1,2024-01-04 21:00:00
u1038,B,9,139,1,2024-01-04 05:00:00
u1039,B,16,199,1,2024-01-06 01:00:00
u1040,B,10,169,1,2024-01-06 22:00:00
u1041,B,0,5,0,2024-01-04 03:00:00
u1042,B,15,118,1,2024-01-03 04:00:00
u1043,B,0,7,0,2024-01-01 22:00:00
u1044,B,3,51,1,2024-01-04 04:00:00
u1045,B,8,102,1,2024-01-04 00:00:00
u1046,B,6,168,1,2024-01-04 15:00:00
u1047,B,0,1,0,2024-01-05 06:00:00
u1048,B,0,7,0,2024-01-04 21:00:00
u1049,B,5,124,1,2024-01-03 11:00:00
u1050,B,0,9,0,2024-01-01 09:00:00
u1051,B,0,52,1,2024-01-05 05:00:00
u1052,B,0,1,0,2024-01-03 09:00:00
u1053,B,6,66,1,2024-01-06 22:00:00
u1054,B,10,161,1,2024-01-01 08:00:00
u1055,B,7,101,1,2024-01-01 12:00:00
u1056,B,0,5,0,2024-01-07 06:00:00
u1057,B,0,2,0,2024-01-07 16:00:00
u1058,B,0,5,0,2024-01-06 16:00:00
u1059,B,0,2,0,2024-01-06 10:00:00
u1060,B,9,110,1,2024-01-04 00:00:00
u1061,B,0,4,0,2024-01-05 19:00:00
u1062,B,0,3,0,2024-01-07 08:00:00
u1063,B,6,96,1,2024-01-06 04:00:00
u1064,B,6,97,1,2024-01-05 14:00:00
u1065,B,10,170,1,2024-01-03 22:00:00
u1066,B,0,7,0,2024-01-07 19:00:00
u1067,B,0,7,0,2024-01-04 16:00:00
u1068,B,0,7,0,2024-01-01 19:00:00
u1069,B,0,3,0,2024-01-04 08:00:00
u1070,B,0,0,0,2024-01-04 17:00:00
u1071,B,2,54,1,2024-01-01 18:00:00
u1072,B,12,194,1,2024-01-07 20:00:00
u1073,B,8,150,1,2024-01-05 15:00:00
u1074,B,7,127,1,2024-01-06 10:00:00
u1075,B,2,90,1,2024-01-05 10:00:00
u1076,B,0,2,0,2024-01-06 00:00:00
u1077,B,4,71,1,2024-01-04 19:00:00
u1078,B,7,102,1,2024-01-07 02:00:00
u1079,B,4,142,1,2024-01-04 07:00:00
u1080,B,3,59,1,2024-01-02 06:00:00
u1081,B,13,195,1,2024-01-03 04:00:00
u1082,B,8,98,1,2024-01-05 16:00:00
u1083,B,5,120,1,2024-01-02 09:00:00
u1084,B,5,68,1,2024-01-02 06:00:00
u1085,B,11,104,1,2024-01-06 18:00:00
u1086,B,7,70,1,2024-01-01 05:00:00
u1087,B,6,75,1,2024-01-02 02:00:00
u1088,B,6,77,1,2024-01-01 06:00:00
u1089,B,4,89,1,2024-01-03 00:00:00
u1090,B,5,78,1,2024-01-04 23:00:00
u1091,B,0,9,0,2024-01-03 11:00:00
u1092,B,4,69,1,2024-01-02 08:00:00
u1093,B,7,123,1,2024-01-02 22:00:00
u1094,B,13,189,1,2024-01-05 22:00:00
u1095,B,16,169,1,2024-01-02 02:00:00
u1096,B,7,146,1,2024-01-01 21:00:00
u1097,B,8,169,1,2024-01-02 22:00:00
u1098,B,5,74,1,2024-01-04 20:00:00
u1099,B,1,53,1,2024-01-07 13:00:00
u1100,B,3,53,1,2024-01-01 01:00:00
u1101,B,7,186,1,2024-01-06 22:00:00
u1102,B,11,192,1,2024-01-02 22:00:00
u1103,B,0,3,0,2024-01-02 02:00:00
u1104,B,4,128,1,2024-01-02 02:00:00
u1105,B,6,139,1,2024-01-06 20:00:00
u1106,B,6,120,1,2024-01-07 00:00:00
u1107,B,0,0,0,2024-01-04 02:00:00
u1108,B,10,148,1,2024-01-01 09:00:00
u1109,B,11,176,1,2024-01-06 00:00:00
u1110,B,4,81,1,2024-01-02 08:00:00
u1111,B,3,58,1,2024-01-07 20:00:00
u1112,B,2,127,1,2024-01-06 05:00:00
u1113,B,5,62,1,2024-01-01 07:00:00
u1114,B,5,173,1,2024-01-07 16:00:00
u1115,B,11,145,1,2024-01-06 14:00:00
u1116,B,8,132,1,2024-01-07 17:00:00
u1117,B,12,193,1,2024-01-03 22:00:00
u1118,B,13,189,1,2024-01-06 14:00:00
u1119,B,6,67,1,2024-01-02 16:00:00
u1120,B,0,6,0,2024-01-05 21:00:00
u1121,B,9,142,1,2024-01-03 06:00:00
u1122,B,0,0,0,2024-01-01 06:00:00
u1123,B,13,151,1,2024-01-04 11:00:00
u1124,B,6,189,1,2024-01-07 01:00:00
u1125,B,9,109,1,2024-01-04 05:00:00
u1126,B,8,109,1,2024-01-07 23:00:00
u1127,B,13,149,1,2024-01-03 04:00:00
u1128,B,5,50,1,2024-01-01 13:00:00
u1129,B,2,92,1,2024-01-07 04:00:00
u1130,B,7,104,1,2024-01-05 16:00:00
u1131,B,3,83,1,2024-01-03 08:00:00
u1132,B,2,83,1,2024-01-04 18:00:00
u1133,B,9,159,1,2024-01-02 21:00:00
u1134,B,0,6,0,2024-01-07 09:00:00
u1135,B,0,9,0,2024-01-04 18:00:00
u1136,B,13,128,1,2024-01-07 07:00:00
u1137,B,8,120,1,2024-01-06 12:00:00
u1138,B,0,8,0,2024-01-05 05:00:00
u1139,B,0,7,0,2024-01-05 09:00:00
u1140,B,7,78,1,2024-01-06 07:00:00
u1141,B,0,8,0,2024-01-02 07:00:00
u1142,B,9,146,1,2024-01-01 05:00:00
u1143,B,9,102,1,2024-01-04 01:00:00
u1144,B,8,194,1,2024-01-06 14:00:00
u1145,B,11,113,1,2024-01-02 04:00:00
u1146,B,0,5,0,2024-01-02 09:00:00
u1147,B,13,157,1,2024-01-01 06:00:00
u1148,B,4,86,1,2024-01-04 08:00:00
u1149,B,15,184,1,2024-01-04 04:00:00
u1150,B,3,57,1,2024-01-03 09:00:00
u1151,B,8,127,1,2024-01-04 12:00:00
u1152,B,0,8,0,2024-01-07 14:00:00
u1153,B,1,70,1,2024-01-04 00:00:00
u1154,B,7,143,1,2024-01-02 20:00:00
u1155,B,0,9,0,2024-01-02 22:00:00
u1156,B,14,191,1,2024-01-04 04:00:00
u1157,B,0,0,0,2024-01-04 00:00:00
u1158,B,4,115,1,2024-01-07 23:00:00
u1159,B,13,195,1,2024-01-05 19:00:00
u1160,B,4,103,1,2024-01-02 05:00:00
u1161,B,0,8,0,2024-01-03 22:00:00
u1162,B,3,70,1,2024-01-07 00:00:00
u1163,B,8,102,1,2024-01-05 06:00:00
u1164,B,7,132,1,2024-01-06 12:00:00
u1165,B,19,193,1,2024-01-05 07:00:00
u1166,B,3,53,1,2024-01-06 01:00:00
u1167,B,0,1,0,2024-01-06 08:00:00
u1168,B,0,2,0,2024-01-02 06:00:00
u1169,B,8,113,1,2024-01-07 18:00:00
u1170,B,9,161,1,2024-01-05 12:00:00
u1171,B,5,193,1,2024-01-03 23:00:00
u1172,B,11,167,1,2024-01-07 13:00:00
u1173,B,0,9,0,2024-01-06 06:00:00
u1174,B,0,8,0,2024-01-04 12:00:00
u1175,B,0,5,0,2024-01-01 14:00:00
u1176,B,8,130,1,2024-01-03 07:00:00
u1177,B,13,175,1,2024-01-02 02:00:00
u1178,B,5,118,1,2024-01-01 01:00:00
u1179,B,13,143,1,2024-01-04 01:00:00
u1180,B,11,117,1,2024-01-03 15:00:00
u1181,B,0,7,0,2024-01-01 04:00:00
u1182,B,0,4,0,2024-01-04 18:00:00
u1183,B,0,1,0,2024-01-03 19:00:00
u1184,B,0,3,0,2024-01-06 20:00:00
u1185,B,13,183,1,2024-01-04 08:00:00
u1186,B,4,73,1,2024-01-04 12:00:00
u1187,B,7,160,1,2024-01-01 22:00:00
u1188,B,8,144,1,2024-01-05 00:00:00
u1189,B,9,132,1,2024-01-06 03:00:00
u1190,B,8,151,1,2024-01-02 12:00:00
u1191,B,8,127,1,2024-01-02 05:00:00
u1192,B,7,173,1,2024-01-07 06:00:00
u1193,B,11,189,1,2024-01-07 17:00:00
u1194,B,6,169,1,2024-01-05 20:00:00
u1195,B,1,64,1,2024-01-01 08:00:00
u1196,B,11,132,1,2024-01-06 11:00:00
u1197,B,2,55,1,2024-01-03 17:00:00
u1198,B,0,6,0,2024-01-05 23:00:00
u1199,B,7,171,1,2024-01-06 03:00:00
u1200,B,10,198,1,2024-01-07 16:00:00
u1201,B,7,133,1,2024-01-07 15:00:00
u1202,B,0,7,0,2024-01-02 19:00:00
u1203,B,6,194,1,2024-01-05 12:00:00
u1204,B,0,4,0,2024-01-02 12:00:00
u1205,B,0,6,0,2024-01-03 18:00:00
u1206,B,0,5,0,2024-01-03 11:00:00
u1207,B,6,77,1,2024-01-02 11:00:00
u1208,B,7,147,1,2024-01-03 00:00:00
u1209,B,13,190,1,2024-01-05 10:00:00
u1210,B,2,62,1,2024-01-01 07:00:00
u1211,B,6,135,1,2024-01-02 16:00:00
u1212,B,0,4,0,2024-01-05 04:00:00
u1213,B,0,7,0,2024-01-05 16:00:00
u1214,B,5,160,1,2024-01-05 12:00:00
u1215,B,7,125,1,2024-01-07 21:00:00
u1216,B,0,2,0,2024-01-04 13:00:00
u1217,B,2,56,1,2024-01-04 05:00:00
u1218,B,11,121,1,2024-01-03 06:00:00
u1219,B,7,178,1,2024-01-05 13:00:00
u1220,B,14,180,1,2024-01-07 01:00:00
u1221,B,6,153,1,2024-01-03 16:00:00
u1222,B,7,77,1,2024-01-03 15:00:00
u1223,B,6,92,1,2024-01-06 19:00:00
u1224,B,12,146,1,2024-01-05 21:00:00
u1225,B,3,95,1,2024-01-02 17:00:00
u1226,B,4,50,1,2024-01-05 20:00:00
u1227,B,10,151,1,2024-01-03 01:00:00
u1228,B,5,84,1,2024-01-07 19:00:00
u1229,B,0,9,0,2024-01-02 23:00:00
u1230,B,5,73,1,2024-01-04 00:00:00
u1231,B,7,71,1,2024-01-06 15:00:00
u1232,B,0,1,0,2024-01-07 08:00:00
u1233,B,0,6,0,2024-01-06 14:00:00
u1234,B,0,8,0,2024-01-05 09:00:00
u1235,B,7,149,1,2024-01-01 07:00:00
u1236,B,6,111,1,2024-01-05 13:00:00
u1237,B,0,1,0,2024-01-02 06:00:00
u1238,B,0,2,0,2024-01-01 11:00:00
u1239,B,0,9,0,2024-01-06 06:00:00
u1240,B,7,140,1,2024-01-03 08:00:00
u1241,B,8,82,1,2024-01-06 19:00:00
u1242,B,15,164,1,2024-01-02 02:00:00
u1243,B,8,68,1,2024-01-02 21:00:00
u1244,B,12,173,1,2024-01-06 14:00:00
u1245,B,11,192,1,2024-01-03 12:00:00
u1246,B,7,169,1,2024-01-03 09:00:00
u1247,B,5,146,1,2024-01-01 12:00:00
u1248,B,1,73,1,2024-01-05 03:00:00
u1249,B,0,0,0,2024-01-03 00:00:00
u1250,B,0,3,0,2024-01-02 10:00:00
u1251,B,6,72,1,2024-01-04 21:00:00
u1252,B,6,90,1,2024-01-04 22:00:00
u1253,B,0,1,0,2024-01-07 00:00:00
u1254,B,14,147,1,2024-01-03 23:00:00
u1255,B,13,195,1,2024-01-06 02:00:00
u1256,B,3,55,1,2024-01-01 09:00:00
u1257,B,3,89,1,2024-01-07 17:00:00
u1258,B,5,91,1,2024-01-01 03:00:00
u1259,B,3,81,1,2024-01-06 04:00:00
u1260,B,3,59,1,2024-01-02 04:00:00
u1261,B,11,118,1,2024-01-02 21:00:00
u1262,B,3,58,1,2024-01-04 04:00:00
u1263,B,4,118,1,2024-01-03 10:00:00
u1264,B,12,188,1,2024-01-03 17:00:00
u1265,B,9,148,1,2024-01-07 17:00:00
u1266,B,5,123,1,2024-01-05 10:00:00
u1267,B,7,152,1,2024-01-04 13:00:00
u1268,B,18,172,1,2024-01-06 12:00:00
u1269,B,7,151,1,2024-01-01 08:00:00
u1270,B,5,57,1,2024-01-01 19:00:00
u1271,B,4,68,1,2024-01-07 04:00:00
u1272,B,3,51,1,2024-01-06 06:00:00
u1273,B,5,104,1,2024-01-01 16:00:00
u1274,B,14,188,1,2024-01-01 11:00:00
u1275,B,6,66,1,2024-01-04 09:00:00
u1276,B,5,110,1,2024-01-03 18:00:00
u1277,B,7,180,1,2024-01-06 12:00:00
u1278,B,5,135,1,2024-01-03 04:00:00
u1279,B,0,2,0,2024-01-07 02:00:00
u1280,B,9,152,1,2024-01-07 00:00:00
u1281,B,4,115,1,2024-01-03 05:00:00
u1282,B,2,50,1,2024-01-03 19:00:00
u1283,B,11,184,1,2024-01-02 10:00:00
u1284,B,0,7,0,2024-01-04 15:00:00
u1285,B,11,168,1,2024-01-06 20:00:00
u1286,B,8,183,1,2024-01-07 16:00:00
u1287,B,4,104,1,2024-01-01 14:00:00
u1288,B,8,149,1,2024-01-01 14:00:00
u1289,B,2,70,1,2024-01-02 06:00:00
u1290,B,8,100,1,2024-01-05 10:00:00
u1291,B,0,1,0,2024-01-07 11:00:00
u1292,B,3,57,1,2024-01-01 09:00:00
u1293,B,7,117,1,2024-01-03 08:00:00
u1294,B,11,156,1,2024-01-07 16:00:00
u1295,B,12,193,1,2024-01-01 06:00:00
u1296,B,9,116,1,2024-01-06 12:00:00
u1297,B,3,51,1,2024-01-06 04:00:00
u1298,B,4,50,1,2024-01-05 22:00:00
u1299,B,4,50,1,2024-01-04 07:00:00
u1300,B,0,0,0,2024-01-06 03:00:00
u1301,B,5,164,1,2024-01-03 08:00:00
u1302,B,15,184,1,2024-01-03 23:00:00
u1303,B,13,137,1,2024-01-07 23:00:00
u1304,B,10,141,1,2024-01-02 03:00:00
u1305,B,5,67,1,2024-01-02 11:00:00
u1306,B,6,137,1,2024-01-03 07:00:00
u1307,B,5,82,1,2024-01-05 19:00:00
u1308,B,14,122,1,2024-01-07 23:00:00
u1309,B,0,8,0,2024-01-03 10:00:00
u1310,B,7,136,1,2024-01-06 02:00:00
u1311,B,5,102,1,2024-01-03 17:00:00
u1312,B,5,93,1,2024-01-01 08:00:00
u1313,B,7,129,1,2024-01-06 13:00:00
u1314,B,10,187,1,2024-01-05 22:00:00
u1315,B,4,63,1,2024-01-06 01:00:00
u1316,B,3,152,1,2024-01-03 16:00:00
u1317,B,7,85,1,2024-01-06 10:00:00
u1318,B,6,83,1,2024-01-07 20:00:00
u1319,B,11,137,1,2024-01-06 06:00:00
u1320,B,15,195,1,2024-01-04 14:00:00
u1321,B,0,2,0,2024-01-02 08:00:00
u1322,B,0,3,0,2024-01-06 16:00:00
u1323,B,0,7,0,2024-01-03 04:00:00
u1324,B,16,175,1,2024-01-04 19:00:00
u1325,B,2,57,1,2024-01-03 02:00:00
u1326,B,14,161,1,2024-01-03 22:00:00
u1327,B,7,143,1,2024-01-07 09:00:00
u1328,B,5,133,1,2024-01-06 23:00:00
u1329,B,11,195,1,2024-01-02 15:00:00
u1330,B,8,117,1,2024-01-02 14:00:00
u1331,B,5,116,1,2024-01-07 19:00:00
u1332,B,12,195,1,2024-01-06 00:00:00
u1333,B,12,160,1,2024-01-04 12:00:00
u1334,B,3,67,1,2024-01-06 16:00:00
u1335,B,0,0,0,2024-01-02 12:00:00
u1336,B,4,84,1,2024-01-04 14:00:00
u1337,B,11,183,1,2024-01-06 08:00:00
u1338,B,11,167,1,2024-01-03 14:00:00
u1339,B,4,75,1,2024-01-02 18:00:00
u1340,B,14,110,1,2024-01-07 11:00:00
u1341,B,9,137,1,2024-01-05 03:00:00
u1342,B,6,64,1,2024-01-07 14:00:00
u1343,B,10,140,1,2024-01-05 08:00:00
u1344,B,7,81,1,2024-01-01 07:00:00
u1345,B,8,189,1,2024-01-07 17:00:00
u1346,B,8,182,1,2024-01-03 00:00:00
u1347,B,7,113,1,2024-01-04 23:00:00
u1348,B,11,135,1,2024-01-06 02:00:00
u1349,B,4,94,1,2024-01-02 22:00:00
u1350,B,0,5,0,2024-01-02 00:00:00
u1351,B,2,75,1,2024-01-06 10:00:00
u1352,B,2,72,1,2024-01-05 17:00:00
u1353,B,8,190,1,2024-01-05 02:00:00
u1354,B,11,180,1,2024-01-04 23:00:00
u1355,B,8,78,1,2024-01-02 09:00:00
u1356,B,5,113,1,2024-01-05 12:00:00
u1357,B,0,5,0,2024-01-04 19:00:00
u1358,B,8,183,1,2024-01-01 07:00:00
u1359,B,12,188,1,2024-01-07 10:00:00
u1360,B,0,4,0,2024-01-03 14:00:00
u1361,B,7,116,1,2024-01-04 09:00:00
u1362,B,10,157,1,2024-01-02 00:00:00
u1363,B,9,135,1,2024-01-06 08:00:00
u1364,B,2,78,1,2024-01-01 07:00:00
u1365,B,4,109,1,2024-01-06 03:00:00
u1366,B,7,103,1,2024-01-07 04:00:00
u1367,B,0,7,0,2024-01-05 01:00:00
u1368,B,11,118,1,2024-01-05 04:00:00
u1369,B,13,166,1,2024-01-05 14:00:00
u1370,B,7,58,1,2024-01-07 12:00:00
u1371,B,10,175,1,2024-01-07 13:00:00
u1372,B,6,126,1,2024-01-01 02:00:00
u1373,B,1,59,1,2024-01-06 14:00:00
u1374,B,9,151,1,2024-01-05 03:00:00
u1375,B,7,107,1,2024-01-01 10:00:00
u1376,B,12,162,1,2024-01-07 15:00:00
u1377,B,0,4,0,2024-01-03 10:00:00
u1378,B,5,84,1,2024-01-06 19:00:00
u1379,B,10,152,1,2024-01-04 06:00:00
u1380,B,0,1,0,2024-01-02 13:00:00
u1381,B,7,146,1,2024-01-06 01:00:00
u1382,B,0,1,0,2024-01-07 07:00:00
u1383,B,8,191,1,2024-01-03 16:00:00
u1384,B,15,185,1,2024-01-07 01:00:00
u1385,B,0,5,0,2024-01-02 21:00:00
u1386,B,6,120,1,2024-01-06 04:00:00
u1387,B,0,9,0,2024-01-03 07:00:00
u1388,B,0,4,0,2024-01-01 06:00:00
u1389,B,0,7,0,2024-01-05 08:00:00
u1390,B,4,160,1,2024-01-02 15:00:00
u1391,B,11,124,1,2024-01-07 14:00:00
u1392,B,3,63,1,2024-01-05 00:00:00
u1393,B,0,5,0,2024-01-03 03:00:00
u1394,B,10,157,1,2024-01-02 06:00:00
u1395,B,9,194,1,2024-01-07 17:00:00
u1396,B,5,127,1,2024-01-01 06:00:00
u1397,B,6,97,1,2024-01-06 23:00:00
u1398,B,7,140,1,2024-01-07 05:00:00
u1399,B,12,185,1,2024-01-04 18:00:00
u1400,B,0,6,0,2024-01-01 16:00:00
u1401,B,6,61,1,2024-01-06 04:00:00
u1402,B,0,0,0,2024-01-01 03:00:00
u1403,B,1,75,1,2024-01-06 01:00:00
u1404,B,6,86,1,2024-01-05 02:00:00
u1405,B,8,119,1,2024-01-07 18:00:00
u1406,B,11,128,1,2024-01-06 22:00:00
u1407,B,9,139,1,2024-01-03 12:00:00
u1408,B,4,90,1,2024-01-01 20:00:00
u1409,B,11,191,1,2024-01-04 04:00:00
u1410,B,13,178,1,2024-01-02 22:00:00
u1411,B,7,66,1,2024-01-04 02:00:00
u1412,B,4,102,1,2024-01-03 00:00:00
u1413,B,10,167,1,2024-01-02 02:00:00
u1414,B,7,158,1,2024-01-02 06:00:00
u1415,B,11,185,1,2024-01-02 07:00:00
u1416,B,0,0,0,2024-01-07 13:00:00
u1417,B,12,129,1,2024-01-01 17:00:00
u1418,B,6,94,1,2024-01-06 04:00:00
u1419,B,6,67,1,2024-01-03 14:00:00
u1420,B,18,148,1,2024-01-06 07:00:00
u1421,B,9,196,1,2024-01-01 15:00:00
u1422,B,8,117,1,2024-01-07 18:00:00
u1423,B,11,132,1,2024-01-06 16:00:00
u1424,B,6,99,1,2024-01-03 13:00:00
u1425,B,5,74,1,2024-01-02 14:00:00
u1426,B,9,170,1,2024-01-05 18:00:00
u1427,B,8,117,1,2024-01-06 17:00:00
u1428,B,0,4,0,2024-01-06 19:00:00
u1429,B,5,88,1,2024-01-03 23:00:00
u1430,B,0,1,0,2024-01-03 13:00:00
u1431,B,4,177,1,2024-01-06 10:00:00
u1432,B,6,184,1,2024-01-04 10:00:00
u1433,B,8,171,1,2024-01-06 02:00:00
u1434,B,6,108,1,2024-01-06 18:00:00
u1435,B,2,97,1,2024-01-06 15:00:00
u1436,B,8,182,1,2024-01-05 12:00:00
u1437,B,7,85,1,2024-01-06 01:00:00
u1438,B,10,137,1,2024-01-07 06:00:00
u1439,B,6,74,1,2024-01-05 22:00:00
u1440,B,7,68,1,2024-01-06 17:00:00
u1441,B,7,184,1,2024-01-01 17:00:00
u1442,B,4,115,1,2024-01-04 03:00:00
u1443,B,6,129,1,2024-01-07 22:00:00
u1444,B,15,174,1,2024-01-07 09:00:00
u1445,B,0,6,0,2024-01-01 10:00:00
u1446,B,0,1,0,2024-01-06 17:00:00
u1447,B,7,178,1,2024-01-06 10:00:00
u1448,B,12,180,1,2024-01-03 13:00:00
u1449,B,8,176,1,2024-01-03 22:00:00
u1450,B,4,70,1,2024-01-03 12:00:00
u1451,B,16,175,1,2024-01-06 11:00:00
u1452,B,11,173,1,2024-01-03 12:00:00
u1453,B,6,60,1,2024-01-06 15:00:00
u1454,B,4,71,1,2024-01-05 05:00:00
u1455,B,10,160,1,2024-01-01 12:00:00
u1456,B,14,174,1,2024-01-01 11:00:00
u1457,B,7,106,1,2024-01-02 10:00:00
u1458,B,9,138,1,2024-01-03 02:00:00
u1459,B,13,180,1,2024-01-02 18:00:00
u1460,B,14,177,1,2024-01-05 14:00:00
u1461,B,0,5,0,2024-01-03 17:00:00
u1462,B,4,85,1,2024-01-01 14:00:00
u1463,B,7,136,1,2024-01-07 17:00:00
u1464,B,14,167,1,2024-01-02 14:00:00
u1465,B,12,121,1,2024-01-02 01:00:00
u1466,B,4,117,1,2024-01-05 15:00:00
u1467,B,6,152,1,2024-01-03 02:00:00
u1468,B,8,78,1,2024-01-05 14:00:00
u1469,B,8,154,1,2024-01-06 11:00:00
u1470,B,0,1,0,2024-01-05 01:00:00
u1471,B,5,168,1,2024-01-07 10:00:00
u1472,B,6,134,1,2024-01-05 22:00:00
u1473,B,10,138,1,2024-01-03 07:00:00
u1474,B,8,138,1,2024-01-03 20:00:00
u1475,B,7,125,1,2024-01-07 01:00:00
u1476,B,16,188,1,2024-01-01 03:00:00
u1477,B,0,3,0,2024-01-06 08:00:00
u1478,B,7,188,1,2024-01-03 01:00:00
u1479,B,0,8,0,2024-01-04 11:00:00
u1480,B,14,191,1,2024-01-03 21:00:00
u1481,B,0,7,0,2024-01-07 03:00:00
u1482,B,10,187,1,2024-01-01 19:00:00
u1483,B,4,80,1,2024-01-02 02:00:00
u1484,B,6,85,1,2024-01-02 01:00:00
u1485,B,1,59,1,2024-01-07 15:00:00
u1486,B,4,75,1,2024-01-01 09:00:00
u1487,B,2,69,1,2024-01-04 09:00:00
u1488,B,13,174,1,2024-01-05 08:00:00
u1489,B,5,93,1,2024-01-06 19:00:00
u1490,B,7,111,1,2024-01-04 15:00:00
u1491,B,3,128,1,2024-01-01 23:00:00
u1492,B,1,58,1,2024-01-05 20:00:00
u1493,B,8,120,1,2024-01-07 21:00:00
u1494,B,10,139,1,2024-01-02 21:00:00
u1495,B,5,73,1,2024-01-06 15:00:00
u1496,B,13,189,1,2024-01-03 06:00:00
u1497,B,4,109,1,2024-01-04 05:00:00
u1498,B,9,133,1,2024-01-07 14:00:00
u1499,B,0,1,0,2024-01-04 15:00:00
u1500,B,4,127,1,2024-01-01 15:00:00
u1501,B,5,65,1,2024-01-07 03:00:00
u1502,B,7,78,1,2024-01-02 13:00:00
u1503,B,0,9,0,2024-01-05 14:00:00
u1504,B,7,84,1,2024-01-01 14:00:00
u1505,B,12,92,1,2024-01-04 05:00:00
u1506,B,6,145,1,2024-01-04 03:00:00
u1507,B,16,168,1,2024-01-07 17:00:00
u1508,B,7,102,1,2024-01-03 23:00:00
u1509,B,6,69,1,2024-01-01 18:00:00
u1510,B,11,164,1,2024-01-05 23:00:00
u1511,B,0,1,0,2024-01-03 14:00:00
u1512,B,12,171,1,2024-01-05 08:00:00
u1513,B,4,91,1,2024-01-02 07:00:00
u1514,B,12,126,1,2024-01-05 13:00:00
u1515,B,4,119,1,2024-01-07 20:00:00
u1516,B,0,2,0,2024-01-01 06:00:00
u1517,B,0,1,0,2024-01-06 18:00:00
u1518,B,0,1,0,2024-01-04 14:00:00
u1519,B,0,4,0,2024-01-02 06:00:00
u1520,B,1,55,1,2024-01-02 20:00:00
u1521,B,10,172,1,2024-01-03 07:00:00
u1522,B,5,82,1,2024-01-07 15:00:00
u1523,B,1,64,1,2024-01-07 04:00:00
u1524,B,0,9,0,2024-01-02 06:00:00
u1525,B,11,112,1,2024-01-01 00:00:00
u1526,B,1,54,1,2024-01-06 18:00:00
u1527,B,0,9,0,2024-01-04 20:00:00
u1528,B,4,139,1,2024-01-03 19:00:00
u1529,B,0,0,0,2024-01-02 11:00:00
u1530,B,5,65,1,2024-01-04 06:00:00
u1531,B,8,148,1,2024-01-03 18:00:00
u1532,B,6,102,1,2024-01-03 02:00:00
u1533,B,5,126,1,2024-01-07 12:00:00
u1534,B,10,142,1,2024-01-06 09:00:00
u1535,B,11,147,1,2024-01-01 05:00:00
u1536,B,0,1,0,2024-01-07 14:00:00
u1537,B,6,192,1,2024-01-03 05:00:00
u1538,B,3,108,1,2024-01-04 15:00:00
u1539,B,12,186,1,2024-01-07 23:00:00
u1540,B,0,9,0,2024-01-07 00:00:00
u1541,B,3,52,1,2024-01-01 04:00:00
u1542,B,6,149,1,2024-01-01 01:00:00
u1543,B,4,96,1,2024-01-03 09:00:00
u1544,B,0,54,1,2024-01-01 11:00:00
u1545,B,0,6,0,2024-01-01 04:00:00
u1546,B,4,133,1,2024-01-05 09:00:00
u1547,B,10,182,1,2024-01-07 03:00:00
u1548,B,0,0,0,2024-01-06 08:00:00
u1549,B,7,129,1,2024-01-03 07:00:00
u1550,B,8,112,1,2024-01-03 21:00:00
u1551,B,6,74,1,2024-01-03 07:00:00
u1552,B,7,93,1,2024-01-03 05:00:00
u1553,B,7,63,1,2024-01-06 18:00:00
u1554,B,0,7,0,2024-01-01 02:00:00
u1555,B,2,68,1,2024-01-04 22:00:00
u1556,B,10,151,1,2024-01-02 03:00:00
u1557,B,4,69,1,2024-01-05 14:00:00
u1558,B,8,128,1,2024-01-05 10:00:00
u1559,B,4,188,1,2024-01-05 23:00:00
u1560,B,9,147,1,2024-01-06 12:00:00
u1561,B,15,170,1,2024-01-06 03:00:00
u1562,B,3,66,1,2024-01-04 17:00:00
u1563,B,11,99,1,2024-01-01 15:00:00
u1564,B,3,59,1,2024-01-02 06:00:00
u1565,B,8,198,1,2024-01-02 03:00:00
u1566,B,6,107,1,2024-01-06 14:00:00
u1567,B,8,144,1,2024-01-06 16:00:00
u1568,B,10,156,1,2024-01-02 14:00:00
u1569,B,11,188,1,2024-01-02 02:00:00
u1570,B,5,82,1,2024-01-04 03:00:00
u1571,B,2,95,1,2024-01-05 20:00:00
u1572,B,8,178,1,2024-01-04 16:00:00
u1573,B,10,198,1,2024-01-05 10:00:00
u1574,B,13,111,1,2024-01-06 01:00:00
u1575,B,7,136,1,2024-01-06 05:00:00
u1576,B,11,122,1,2024-01-05 01:00:00
u1577,B,0,7,0,2024-01-02 08:00:00
u1578,B,2,70,1,2024-01-04 18:00:00
u1579,B,3,71,1,2024-01-05 23:00:00
u1580,B,2,53,1,2024-01-01 01:00:00
u1581,B,12,114,1,2024-01-06 21:00:00
u1582,B,0,9,0,2024-01-01 12:00:00
u1583,B,17,192,1,2024-01-01 23:00:00
u1584,B,7,85,1,2024-01-03 20:00:00
u1585,B,5,78,1,2024-01-02 09:00:00
u1586,B,8,118,1,2024-01-04 14:00:00
u1587,B,10,160,1,2024-01-01 18:00:00
u1588,B,13,193,1,2024-01-02 05:00:00
u1589,B,7,149,1,2024-01-03 00:00:00
u1590,B,5,90,1,2024-01-06 23:00:00
u1591,B,12,197,1,2024-01-05 17:00:00
u1592,B,2,97,1,2024-01-05 19:00:00
u1593,B,10,179,1,2024-01-06 18:00:00
u1594,B,15,193,1,2024-01-04 05:00:00
u1595,B,9,160,1,2024-01-02 10:00:00
u1596,B,0,2,0,2024-01-03 22:00:00
u1597,B,0,1,0,2024-01-07 12:00:00
u1598,B,12,155,1,2024-01-05 11:00:00
u1599,B,10,181,1,2024-01-03 05:00:00
u1600,B,0,2,0,2024-01-01 22:00:00
u1601,B,14,117,1,2024-01-07 07:00:00
u1602,B,12,138,1,2024-01-01 09:00:00
u1603,B,4,127,1,2024-01-03 12:00:00
u1604,B,6,124,1,2024-01-06 15:00:00
u1605,B,8,74,1,2024-01-02 23:00:00
u1606,B,5,56,1,2024-01-05 15:00:00
u1607,B,14,162,1,2024-01-06 05:00:00
u1608,B,5,85,1,2024-01-07 12:00:00
u1609,B,3,59,1,2024-01-04 14:00:00
u1610,B,6,162,1,2024-01-02 01:00:00
u1611,B,7,85,1,2024-01-07 20:00:00
u1612,B,5,67,1,2024-01-03 03:00:00
u1613,B,0,1,0,2024-01-07 21:00:00
u1614,B,0,4,0,2024-01-01 05:00:00
u1615,B,0,1,0,2024-01-01 07:00:00
u1616,B,13,189,1,2024-01-01 16:00:00
u1617,B,2,74,1,2024-01-04 03:00:00
u1618,B,3,82,1,2024-01-02 09:00:00
u1619,B,6,136,1,2024-01-07 02:00:00
u1620,B,5,122,1,2024-01-03 21:00:00
u1621,B,6,55,1,2024-01-04 09:00:00
u1622,B,13,186,1,2024-01-05 21:00:00
u1623,B,8,116,1,2024-01-07 20:00:00
u1624,B,14,193,1,2024-01-02 13:00:00
u1625,B,7,142,1,2024-01-06 22:00:00
u1626,B,12,157,1,2024-01-05 05:00:00
u1627,B,9,75,1,2024-01-02 15:00:00
u1628,B,0,9,0,2024-01-06 16:00:00
u1629,B,11,191,1,2024-01-03 04:00:00
u1630,B,11,152,1,2024-01-05 21:00:00
u1631,B,8,91,1,2024-01-03 17:00:00
u1632,B,0,9,0,2024-01-04 07:00:00
u1633,B,5,115,1,2024-01-03 03:00:00
u1634,B,9,91,1,2024-01-06 08:00:00
u1635,B,0,4,0,2024-01-07 13:00:00
u1636,B,11,190,1,2024-01-06 03:00:00
u1637,B,8,155,1,2024-01-05 15:00:00
u1638,B,7,145,1,2024-01-01 00:00:00
u1639,B,7,119,1,2024-01-07 22:00:00
u1640,B,9,87,1,2024-01-01 15:00:00
u1641,B,6,146,1,2024-01-07 00:00:00
u1642,B,9,157,1,2024-01-05 15:00:00
u1643,B,14,168,1,2024-01-05 15:00:00
u1644,B,6,123,1,2024-01-05 05:00:00
u1645,B,8,106,1,2024-01-04 09:00:00
u1646,B,9,159,1,2024-01-07 05:00:00
u1647,B,10,128,1,2024-01-05 02:00:00
u1648,B,10,85,1,2024-01-07 14:00:00
u1649,B,6,106,1,2024-01-02 15:00:00
u1650,B,14,178,1,2024-01-07 10:00:00
u1651,B,8,52,1,2024-01-02 11:00:00
u1652,B,8,63,1,2024-01-06 04:00:00
u1653,B,0,5,0,2024-01-01 03:00:00
u1654,B,7,119,1,2024-01-05 21:00:00
u1655,B,6,118,1,2024-01-02 00:00:00
u1656,B,8,153,1,2024-01-04 22:00:00
u1657,B,4,78,1,2024-01-04 05:00:00
u1658,B,4,97,1,2024-01-07 13:00:00
u1659,B,10,143,1,2024-01-01 11:00:00
u1660,B,8,128,1,2024-01-02 02:00:00
u1661,B,14,166,1,2024-01-03 14:00:00
u1662,B,14,193,1,2024-01-03 06:00:00
u1663,B,10,187,1,2024-01-07 13:00:00
u1664,B,12,196,1,2024-01-04 09:00:00
u1665,B,9,116,1,2024-01-01 13:00:00
u1666,B,8,181,1,2024-01-03 07:00:00
u1667,B,3,124,1,2024-01-07 02:00:00
u1668,B,7,77,1,2024-01-04 13:00:00
u1669,B,0,2,0,2024-01-02 01:00:00
u1670,B,6,58,1,2024-01-04 19:00:00
u1671,B,15,183,1,2024-01-07 21:00:00
u1672,B,10,172,1,2024-01-02 11:00:00
u1673,B,8,98,1,2024-01-07 01:00:00
u1674,B,7,140,1,2024-01-04 05:00:00
u1675,B,14,174,1,2024-01-05 15:00:00
u1676,B,10,125,1,2024-01-01 22:00:00
u1677,B,0,5,0,2024-01-05 22:00:00
u1678,B,10,153,1,2024-01-05 19:00:00
u1679,B,0,8,0,2024-01-06 21:00:00
u1680,B,0,82,1,2024-01-01 21:00:00
u1681,B,11,102,1,2024-01-02 03:00:00
u1682,B,5,89,1,2024-01-02 18:00:00
u1683,B,4,67,1,2024-01-04 03:00:00
u1684,B,2,62,1,2024-01-01 17:00:00
u1685,B,8,123,1,2024-01-05 03:00:00
u1686,B,0,8,0,2024-01-06 03:00:00
u1687,B,0,8,0,2024-01-05 12:00:00
u1688,B,13,180,1,2024-01-02 11:00:00
u1689,B,14,199,1,2024-01-06 04:00:00
u1690,B,5,116,1,2024-01-01 06:00:00
u1691,B,4,82,1,2024-01-01 22:00:00
u1692,B,1,51,1,2024-01-07 17:00:00
u1693,B,0,9,0,2024-01-05 20:00:00
u1694,B,4,123,1,2024-01-05 17:00:00
u1695,B,16,184,1,2024-01-04 23:00:00
u1696,B,19,192,1,2024-01-01 20:00:00
u1697,B,2,75,1,2024-01-03 21:00:00
u1698,B,10,188,1,2024-01-03 04:00:00
u1699,B,7,177,1,2024-01-04 11:00:00
u1700,B,0,4,0,2024-01-05 09:00:00
u1701,B,11,184,1,2024-01-02 16:00:00
u1702,B,12,178,1,2024-01-07 15:00:00
u1703,B,4,70,1,2024-01-06 07:00:00
u1704,B,0,0,0,2024-01-06 21:00:00
u1705,B,0,0,0,2024-01-04 15:00:00
u1706,B,2,57,1,2024-01-05 06:00:00
u1707,B,3,132,1,2024-01-05 10:00:00
u1708,B,0,5,0,2024-01-01 16:00:00
u1709,B,10,104,1,2024-01-02 00:00:00
u1710,B,10,192,1,2024-01-03 15:00:00
u1711,B,3,85,1,2024-01-04 13:00:00
u1712,B,6,55,1,2024-01-05 22:00:00
u1713,B,0,9,0,2024-01-02 10:00:00
u1714,B,2,91,1,2024-01-02 12:00:00
u1715,B,9,99,1,2024-01-03 06:00:00
u1716,B,11,161,1,2024-01-07 00:00:00
u1717,B,11,195,1,2024-01-07 11:00:00
u1718,B,7,99,1,2024-01-06 08:00:00
u1719,B,6,79,1,2024-01-03 04:00:00
u1720,B,2,88,1,2024-01-04 00:00:00
u1721,B,11,165,1,2024-01-05 16:00:00
u1722,B,0,6,0,2024-01-01 12:00:00
u1723,B,0,3,0,2024-01-02 22:00:00
u1724,B,0,5,0,2024-01-07 15:00:00
u1725,B,10,181,1,2024-01-02 03:00:00
u1726,B,6,97,1,2024-01-03 04:00:00
u1727,B,0,9,0,2024-01-02 06:00:00
u1728,B,4,130,1,2024-01-01 07:00:00
u1729,B,5,98,1,2024-01-03 23:00:00
u1730,B,8,116,1,2024-01-06 03:00:00
u1731,B,0,2,0,2024-01-05 01:00:00
u1732,B,10,186,1,2024-01-04 14:00:00
u1733,B,6,70,1,2024-01-04 01:00:00
u1734,B,12,154,1,2024-01-05 04:00:00
u1735,B,9,121,1,2024-01-02 00:00:00
u1736,B,0,4,0,2024-01-05 18:00:00
u1737,B,14,193,1,2024-01-02 08:00:00
u1738,B,8,77,1,2024-01-06 14:00:00
u1739,B,0,5,0,2024-01-05 00:00:00
u1740,B,6,106,1,2024-01-05 15:00:00
u1741,B,17,159,1,2024-01-04 23:00:00
u1742,B,7,101,1,2024-01-01 04:00:00
u1743,B,8,133,1,2024-01-06 00:00:00
u1744,B,0,2,0,2024-01-05 13:00:00
u1745,B,11,176,1,2024-01-01 16:00:00
u1746,B,0,5,0,2024-01-04 03:00:00
u1747,B,7,167,1,2024-01-03 03:00:00
u1748,B,8,142,1,2024-01-06 19:00:00
u1749,B,4,116,1,2024-01-03 13:00:00
u1750,B,9,123,1,2024-01-07 18:00:00
u1751,B,14,133,1,2024-01-01 20:00:00
u1752,B,3,59,1,2024-01-04 12:00:00
u1753,B,13,194,1,2024-01-01 20:00:00
u1754,B,9,167,1,2024-01-06 22:00:00
u1755,B,6,146,1,2024-01-07 06:00:00
u1756,B,7,55,1,2024-01-06 07:00:00
u1757,B,2,67,1,2024-01-07 14:00:00
u1758,B,4,121,1,2024-01-03 05:00:00
u1759,B,0,7,0,2024-01-02 01:00:00
u1760,B,6,91,1,2024-01-03 04:00:00
u1761,B,2,53,1,2024-01-03 17:00:00
u1762,B,2,69,1,2024-01-07 22:00:00
u1763,B,6,77,1,2024-01-01 06:00:00
u1764,B,0,6,0,2024-01-07 22:00:00
u1765,B,4,93,1,2024-01-02 07:00:00
u1766,B,0,0,0,2024-01-07 09:00:00
u1767,B,4,96,1,2024-01-04 14:00:00
u1768,B,0,9,0,2024-01-07 12:00:00
u1769,B,13,193,1,2024-01-07 08:00:00
u1770,B,11,144,1,2024-01-07 14:00:00
u1771,B,2,65,1,2024-01-01 01:00:00
u1772,B,7,168,1,2024-01-04 02:00:00
u1773,B,4,166,1,2024-01-02 04:00:00
u1774,B,2,59,1,2024-01-06 06:00:00
u1775,B,5,171,1,2024-01-03 00:00:00
u1776,B,4,87,1,2024-01-02 07:00:00
u1777,B,3,93,1,2024-01-07 13:00:00
u1778,B,0,1,0,2024-01-01 14:00:00
u1779,B,6,123,1,2024-01-03 13:00:00
u1780,B,6,162,1,2024-01-04 05:00:00
u1781,B,0,2,0,2024-01-01 16:00:00
u1782,B,4,101,1,2024-01-01 21:00:00
u1783,B,10,141,1,2024-01-07 13:00:00
u1784,B,5,108,1,2024-01-04 08:00:00
u1785,B,0,9,0,2024-01-06 23:00:00
u1786,B,3,61,1,2024-01-01 07:00:00
u1787,B,4,99,1,2024-01-07 22:00:00
u1788,B,8,106,1,2024-01-02 06:00:00
u1789,B,17,168,1,2024-01-01 11:00:00
u1790,B,2,106,1,2024-01-02 08:00:00
u1791,B,4,57,1,2024-01-01 11:00:00
u1792,B,7,155,1,2024-01-02 00:00:00
u1793,B,0,4,0,2024-01-07 21:00:00
u1794,B,4,169,1,2024-01-02 23:00:00
u1795,B,10,112,1,2024-01-04 10:00:00
u1796,B,6,121,1,2024-01-03 06:00:00
u1797,B,20,180,1,2024-01-06 10:00:00
u1798,B,3,62,1,2024-01-06 04:00:00
u1799,B,8,186,1,2024-01-03 20:00:00
u1800,B,8,101,1,2024-01-07 18:00:00
u1801,B,10,111,1,2024-01-03 02:00:00
u1802,B,0,3,0,2024-01-02 02:00:00
u1803,B,11,158,1,2024-01-07 20:00:00
u1804,B,3,57,1,2024-01-06 23:00:00
u1805,B,5,144,1,2024-01-02 00:00:00
u1806,B,8,174,1,2024-01-02 08:00:00
u1807,B,6,102,1,2024-01-03 13:00:00
u1808,B,0,4,0,2024-01-07 00:00:00
u1809,B,10,144,1,2024-01-02 05:00:00
u1810,B,10,130,1,2024-01-02 16:00:00
u1811,B,5,106,1,2024-01-05 20:00:00
u1812,B,13,196,1,2024-01-01 03:00:00
u1813,B,10,116,1,2024-01-03 17:00:00
u1814,B,5,95,1,2024-01-03 11:00:00
u1815,B,8,143,1,2024-01-06 16:00:00
u1816,B,13,187,1,2024-01-02 06:00:00
u1817,B,10,162,1,2024-01-04 16:00:00
u1818,B,16,142,1,2024-01-05 03:00:00
u1819,B,11,195,1,2024-01-05 22:00:00
u1820,B,8,189,1,2024-01-03 20:00:00
u1821,B,6,98,1,2024-01-07 07:00:00
u1822,B,3,72,1,2024-01-01 23:00:00
u1823,B,0,6,0,2024-01-07 20:00:00
u1824,B,2,60,1,2024-01-01 22:00:00
u1825,B,12,122,1,2024-01-07 18:00:00
u1826,B,13,167,1,2024-01-03 14:00:00
u1827,B,5,137,1,2024-01-05 21:00:00
u1828,B,6,138,1,2024-01-05 17:00:00
u1829,B,6,104,1,2024-01-01 05:00:00
u1830,B,0,8,0,2024-01-01 05:00:00
u1831,B,0,6,0,2024-01-02 05:00:00
u1832,B,0,6,0,2024-01-01 00:00:00
u1833,B,10,162,1,2024-01-03 14:00:00
u1834,B,0,0,0,2024-01-06 15:00:00
u1835,B,4,85,1,2024-01-02 03:00:00
u1836,B,12,174,1,2024-01-04 16:00:00
u1837,B,10,99,1,2024-01-07 16:00:00
u1838,B,6,156,1,2024-01-03 04:00:00
u1839,B,3,58,1,2024-01-02 13:00:00
u1840,B,3,116,1,2024-01-03 03:00:00
u1841,B,4,102,1,2024-01-04 05:00:00
u1842,B,0,2,0,2024-01-06 18:00:00
u1843,B,9,159,1,2024-01-06 09:00:00
u1844,B,15,194,1,2024-01-03 04:00:00
u1845,B,6,102,1,2024-01-04 21:00:00
u1846,B,0,3,0,2024-01-04 21:00:00
u1847,B,3,112,1,2024-01-01 06:00:00
u1848,B,12,192,1,2024-01-03 18:00:00
u1849,B,0,7,0,2024-01-06 16:00:00
u1850,B,9,173,1,2024-01-05 19:00:00
u1851,B,8,135,1,2024-01-06 18:00:00
u1852,B,11,119,1,2024-01-02 12:00:00
u1853,B,3,96,1,2024-01-06 21:00:00
u1854,B,0,3,0,2024-01-07 02:00:00
u1855,B,1,69,1,2024-01-01 07:00:00
u1856,B,0,5,0,2024-01-06 14:00:00
u1857,B,0,8,0,2024-01-03 10:00:00
u1858,B,7,85,1,2024-01-06 02:00:00
u1859,B,11,182,1,2024-01-01 06:00:00
u1860,B,0,9,0,2024-01-05 23:00:00
u1861,B,2,56,1,2024-01-01 02:00:00
u1862,B,6,169,1,2024-01-03 18:00:00
u1863,B,4,71,1,2024-01-01 17:00:00
u1864,B,9,95,1,2024-01-02 20:00:00
u1865,B,0,5,0,2024-01-05 00:00:00
u1866,B,7,95,1,2024-01-04 19:00:00
u1867,B,3,77,1,2024-01-07 19:00:00
u1868,B,0,4,0,2024-01-06 23:00:00
u1869,B,0,7,0,2024-01-04 06:00:00
u1870,B,7,178,1,2024-01-07 12:00:00
u1871,B,0,5,0,2024-01-03 10:00:00
u1872,B,5,58,1,2024-01-07 01:00:00
u1873,B,4,71,1,2024-01-04 10:00:00
u1874,B,0,3,0,2024-01-07 12:00:00
u1875,B,14,190,1,2024-01-05 12:00:00
u1876,B,10,196,1,2024-01-03 06:00:00
u1877,B,9,114,1,2024-01-07 10:00:00
u1878,B,10,189,1,2024-01-06 14:00:00
u1879,B,0,3,0,2024-01-04 18:00:00
u1880,B,2,66,1,2024-01-04 10:00:00
u1881,B,5,117,1,2024-01-06 05:00:00
u1882,B,6,78,1,2024-01-04 08:00:00
u1883,B,0,1,0,2024-01-06 18:00:00
u1884,B,4,93,1,2024-01-01 04:00:00
u1885,B,7,182,1,2024-01-03 17:00:00
u1886,B,9,183,1,2024-01-05 14:00:00
u1887,B,4,56,1,2024-01-01 11:00:00
u1888,B,5,103,1,2024-01-05 09:00:00
u1889,B,6,95,1,2024-01-04 02:00:00
u1890,B,0,9,0,2024-01-06 17:00:00
u1891,B,3,53,1,2024-01-02 03:00:00
u1892,B,19,140,1,2024-01-01 06:00:00
u1893,B,5,110,1,2024-01-06 21:00:00
u1894,B,16,160,1,2024-01-04 04:00:00
u1895,B,3,86,1,2024-01-03 12:00:00
u1896,B,1,52,1,2024-01-03 02:00:00
u1897,B,5,62,1,2024-01-06 15:00:00
u1898,B,10,137,1,2024-01-06 08:00:00
u1899,B,10,125,1,2024-01-01 10:00:00
u1900,B,3,57,1,2024-01-05 10:00:00
u1901,B,12,132,1,2024-01-02 23:00:00
u1902,B,1,58,1,2024-01-06 17:00:00
u1903,B,3,127,1,2024-01-06 22:00:00
u1904,B,0,5,0,2024-01-05 06:00:00
u1905,B,14,195,1,2024-01-02 22:00:00
u1906,B,6,91,1,2024-01-07 08:00:00
u1907,B,0,0,0,2024-01-05 15:00:00
u1908,B,6,138,1,2024-01-01 05:00:00
u1909,B,0,3,0,2024-01-01 10:00:00
u1910,B,5,103,1,2024-01-01 16:00:00
u1911,B,8,146,1,2024-01-06 22:00:00
u1912,B,10,147,1,2024-01-01 15:00:00
u1913,B,0,0,0,2024-01-03 07:00:00
u1914,B,14,149,1,2024-01-03 17:00:00
u1915,B,8,194,1,2024-01-07 19:00:00
u1916,B,3,59,1,2024-01-04 10:00:00
u1917,B,5,93,1,2024-01-07 21:00:00
u1918,B,12,179,1,2024-01-04 02:00:00
u1919,B,11,191,1,2024-01-06 06:00:00
u1920,B,15,179,1,2024-01-06 10:00:00
u1921,B,4,68,1,2024-01-01 17:00:00
u1922,B,3,129,1,2024-01-04 16:00:00
u1923,B,5,138,1,2024-01-04 21:00:00
u1924,B,4,50,1,2024-01-01 16:00:00
u1925,B,12,179,1,2024-01-05 17:00:00
u1926,B,0,9,0,2024-01-05 10:00:00
u1927,B,1,51,1,2024-01-05 02:00:00
u1928,B,12,187,1,2024-01-01 12:00:00
u1929,B,5,68,1,2024-01-03 14:00:00
u1930,B,8,190,1,2024-01-01 13:00:00
u1931,B,9,163,1,2024-01-07 19:00:00
u1932,B,5,105,1,2024-01-01 17:00:00
u1933,B,13,144,1,2024-01-06 12:00:00
u1934,B,0,9,0,2024-01-01 13:00:00
u1935,B,0,5,0,2024-01-02 00:00:00
u1936,B,9,151,1,2024-01-02 19:00:00
u1937,B,2,119,1,2024-01-06 00:00:00
u1938,B,0,0,0,2024-01-02 14:00:00
u1939,B,3,98,1,2024-01-06 19:00:00
u1940,B,9,140,1,2024-01-05 07:00:00
u1941,B,3,54,1,2024-01-03 13:00:00
u1942,B,1,106,1,2024-01-03 04:00:00
u1943,B,6,141,1,2024-01-03 04:00:00
u1944,B,0,3,0,2024-01-07 11:00:00
u1945,B,0,6,0,2024-01-07 18:00:00
u1946,B,10,161,1,2024-01-05 21:00:00
u1947,B,0,5,0,2024-01-03 16:00:00
u1948,B,6,62,1,2024-01-06 10:00:00
u1949,B,10,171,1,2024-01-02 18:00:00
u1950,B,11,158,1,2024-01-03 01:00:00
u1951,B,7,196,1,2024-01-06 16:00:00
u1952,B,4,141,1,2024-01-02 11:00:00
u1953,B,7,151,1,2024-01-01 22:00:00
u1954,B,0,1,0,2024-01-04 01:00:00
u1955,B,0,5,0,2024-01-03 01:00:00
u1956,B,0,7,0,2024-01-03 06:00:00
u1957,B,5,103,1,2024-01-06 04:00:00
u1958,B,6,86,1,2024-01-01 11:00:00
u1959,B,3,86,1,2024-01-04 10:00:00
u1960,B,0,9,0,2024-01-02 07:00:00
u1961,B,12,144,1,2024-01-07 07:00:00
u1962,B,9,151,1,2024-01-04 13:00:00
u1963,B,6,91,1,2024-01-07 10:00:00
u1964,B,0,1,0,2024-01-01 18:00:00
u1965,B,4,72,1,2024-01-03 02:00:00
u1966,B,2,77,1,2024-01-03 15:00:00
u1967,B,14,181,1,2024-01-06 09:00:00
u1968,B,0,6,0,2024-01-07 19:00:00
u1969,B,3,98,1,2024-01-06 07:00:00
u1970,B,0,8,0,2024-01-06 18:00:00
u1971,B,0,5,0,2024-01-03 15:00:00
u1972,B,7,88,1,2024-01-01 00:00:00
u1973,B,0,55,1,2024-01-04 16:00:00
u1974,B,2,102,1,2024-01-02 01:00:00
u1975,B,2,74,1,2024-01-06 18:00:00
u1976,B,7,148,1,2024-01-04 14:00:00
u1977,B,9,114,1,2024-01-01 01:00:00
u1978,B,13,182,1,2024-01-04 20:00:00
u1979,B,4,57,1,2024-01-07 23:00:00
u1980,B,8,88,1,2024-01-05 22:00:00
u1981,B,7,160,1,2024-01-06 11:00:00
u1982,B,0,8,0,2024-01-04 07:00:00
u1983,B,12,131,1,2024-01-05 14:00:00
u1984,B,10,172,1,2024-01-07 20:00:00
u1985,B,0,1,0,2024-01-06 05:00:00
u1986,B,4,53,1,2024-01-01 04:00:00
u1987,B,8,157,1,2024-01-06 22:00:00
u1988,B,11,142,1,2024-01-02 01:00:00
u1989,B,0,9,0,2024-01-01 05:00:00
u1990,B,9,143,1,2024-01-06 02:00:00
u1991,B,0,6,0,2024-01-02 19:00:00
u1992,B,0,5,0,2024-01-03 09:00:00
u1993,B,3,71,1,2024-01-04 08:00:00
u1994,B,3,105,1,2024-01-02 21:00:00
u1995,B,4,67,1,2024-01-05 05:00:00
u1996,B,13,165,1,2024-01-02 23:00:00
u1997,B,6,133,1,2024-01-05 17:00:00
u1998,B,6,79,1,2024-01-07 10:00:00
u1999,B,5,129,1,2024-01-01 19:00:00
u2000,B,0,8,0,2024-01-05 18:00:00
